Precinct,Registered_Voters,Absentee_TaylorRehmet,Early_TaylorRehmet,Election_TaylorRehmet,TotalVotes_TaylorRehmet,Absentee_LeighWambsganss,Early_LeighWambsganss,Election_LeighWambsganss,TotalVotes_LeighWambsganss,TotalVotesAll,VTD,CountyFIPS,County,CNTY,CNTYVTD,VTDKEY,total,anglo,nanglo,asian,black,hisp,bh,vap,anglovap,nanglovap,asianvap,blackvap,hispvap,bhvap,Winner,pct_hisp,Rehmet_Pct,Wambsganss_Pct,Vote_Margin_Pct,pct_nonwhite
1001,1940,3,99,98,200,1,43,45,89,289,1001,439,TARRANT,439,2201001,7895,2240,1367,873,98,377,341,702,2026,1302,724,86,306,276,571,Taylor Rehmet,0.15223214285714284,69.20415224913495,30.79584775086505,38.4083044982699,0.38973214285714286
1005,942,3,21,51,75,0,1,2,3,78,1005,439,TARRANT,439,2201005,7897,1471,65,1406,20,791,595,1378,1037,56,981,17,578,381,955,Taylor Rehmet,0.4044867437117607,96.15384615384616,3.8461538461538463,92.30769230769232,0.95581237253569
1008,314,1,12,24,37,0,0,6,6,43,1008,439,TARRANT,439,2201008,7898,589,40,549,10,184,356,536,421,38,383,7,147,227,371,Taylor Rehmet,0.6044142614601019,86.04651162790698,13.953488372093023,72.09302325581396,0.9320882852292021
1010,698,1,0,20,21,0,2,0,2,23,1010,439,TARRANT,439,2201010,7900,1424,271,1153,19,423,704,1109,1087,242,845,12,337,478,805,Taylor Rehmet,0.4943820224719101,91.30434782608695,8.695652173913043,82.6086956521739,0.8096910112359551
1011,1134,3,19,45,67,0,2,3,5,72,1011,439,TARRANT,439,2201011,7901,3175,211,2964,60,492,2422,2891,2255,195,2060,51,370,1634,1999,Taylor Rehmet,0.7628346456692914,93.05555555555556,6.944444444444445,86.11111111111111,0.9335433070866141
1015,1188,3,68,72,143,0,3,15,18,161,1015,439,TARRANT,439,2201015,7905,2077,699,1378,68,112,1173,1269,1687,623,1064,60,83,900,976,Taylor Rehmet,0.5647568608570053,88.81987577639751,11.180124223602485,77.63975155279502,0.6634569090033703
1019,798,1,9,47,57,0,1,5,6,63,1019,439,TARRANT,439,2201019,7906,2162,265,1897,14,205,1669,1860,1524,224,1300,14,166,1110,1264,Taylor Rehmet,0.7719703977798335,90.47619047619048,9.523809523809524,80.95238095238096,0.8774283071230342
1056,1281,2,2,1,5,0,0,1,1,6,1056,439,TARRANT,439,2201056,7913,1771,610,1161,23,863,227,1074,1506,587,919,15,672,178,840,Taylor Rehmet,0.1281761716544325,83.33333333333334,16.666666666666664,66.66666666666669,0.655561829474873
1059,860,1,18,38,57,0,0,5,5,62,1059,439,TARRANT,439,2201059,7914,1572,175,1397,195,539,676,1197,1091,155,936,98,403,437,832,Taylor Rehmet,0.4300254452926209,91.93548387096774,8.064516129032258,83.87096774193549,0.888676844783715
1061,479,2,12,13,27,0,1,4,5,32,1061,439,TARRANT,439,2201061,7915,641,62,579,18,242,314,549,444,51,393,14,174,200,373,Taylor Rehmet,0.48985959438377535,84.375,15.625,68.75,0.9032761310452418
1062,25,0,1,4,5,0,0,1,1,6,1062,439,TARRANT,439,2201062,7916,24,18,6,1,0,5,5,20,18,2,0,0,2,2,Taylor Rehmet,0.20833333333333334,83.33333333333334,16.666666666666664,66.66666666666669,0.25
1064,0,0,0,0,0,0,0,0,0,0,1064,439,TARRANT,439,2201064,7917,0,0,0,0,0,0,0,0,0,0,0,0,0,0,Tie,,0,0,0,
1066,985,2,29,49,80,0,5,14,19,99,1066,439,TARRANT,439,2201066,7918,2444,511,1933,66,497,1369,1843,1776,452,1324,55,381,879,1244,Taylor Rehmet,0.5601472995090017,80.8080808080808,19.19191919191919,61.61616161616161,0.7909165302782324
1075,1050,1,14,37,52,0,3,3,6,58,1075,439,TARRANT,439,2201075,7921,2626,260,2366,28,313,2021,2313,1859,219,1640,16,264,1364,1613,Taylor Rehmet,0.7696115765422696,89.65517241379311,10.344827586206897,79.31034482758622,0.900990099009901
1076,1107,9,146,162,317,0,29,55,84,401,1076,439,TARRANT,439,2201076,7922,1454,1133,321,49,104,150,249,1117,887,230,29,82,107,184,Taylor Rehmet,0.1031636863823934,79.05236907730672,20.947630922693268,58.10473815461346,0.22077028885832187
1082,684,2,31,43,76,0,4,9,13,89,1082,439,TARRANT,439,2201082,7927,1633,349,1284,66,90,1116,1194,1200,290,910,51,46,789,834,Taylor Rehmet,0.683404776484997,85.39325842696628,14.606741573033707,70.78651685393258,0.7862829148805879
1088,1357,1,18,50,69,0,9,6,15,84,1088,439,TARRANT,439,2201088,7931,3747,264,3483,36,456,2973,3411,2595,225,2370,28,341,1974,2306,Taylor Rehmet,0.7934347477982386,82.14285714285714,17.857142857142858,64.28571428571428,0.9295436349079264
1094,1743,4,76,145,225,0,17,21,38,263,1094,439,TARRANT,439,2201094,7934,3103,1266,1837,121,495,1185,1663,2595,1172,1423,108,379,888,1257,Taylor Rehmet,0.381888495004834,85.55133079847909,14.44866920152091,71.10266159695817,0.5920077344505318
1108,1724,6,152,198,356,3,37,98,138,494,1108,439,TARRANT,439,2201108,7942,2676,2058,618,119,96,353,446,2193,1733,460,95,77,250,324,Taylor Rehmet,0.13191330343796712,72.06477732793523,27.93522267206478,44.12955465587045,0.23094170403587444
1109,1611,3,48,107,158,1,10,21,32,190,1109,439,TARRANT,439,2201109,7943,3437,668,2769,117,185,2431,2609,2598,608,1990,92,147,1716,1857,Taylor Rehmet,0.70730288041897,83.15789473684211,16.842105263157894,66.31578947368422,0.8056444573756183
1111,4070,4,157,201,362,1,159,137,297,659,1111,439,TARRANT,439,2201111,7944,2522,1949,573,148,127,252,371,1736,1380,356,98,71,153,223,Taylor Rehmet,0.0999206978588422,54.93171471927162,45.068285280728375,9.863429438543243,0.22720063441712926
1146,2494,13,156,207,376,2,28,57,87,463,1146,439,TARRANT,439,2201146,7953,4050,1402,2648,141,1576,905,2420,3095,1221,1874,102,1130,603,1699,Taylor Rehmet,0.2234567901234568,81.20950323974083,18.790496760259177,62.41900647948165,0.6538271604938272
1151,1154,4,48,65,117,2,25,22,49,166,1151,439,TARRANT,439,2201151,7956,2565,687,1878,81,1365,411,1758,1916,598,1318,70,951,273,1220,Taylor Rehmet,0.16023391812865498,70.48192771084338,29.518072289156628,40.96385542168675,0.7321637426900585
1170,2841,16,182,207,405,5,49,47,101,506,1170,439,TARRANT,439,2201170,7961,5102,1598,3504,203,1239,2012,3198,3750,1386,2364,132,876,1289,2142,Taylor Rehmet,0.39435515484123873,80.03952569169961,19.960474308300398,60.07905138339921,0.6867894943159545
1175,2639,2,64,122,188,0,49,34,83,271,1175,439,TARRANT,439,2201175,7962,3312,1155,2157,784,689,632,1298,2397,891,1506,567,452,428,868,Taylor Rehmet,0.19082125603864733,69.37269372693727,30.627306273062732,38.74538745387454,0.6512681159420289
1197,2109,5,55,112,172,0,37,56,93,265,1197,439,TARRANT,439,2201197,7967,2924,1493,1431,482,425,477,878,2101,1084,1017,366,301,312,601,Taylor Rehmet,0.1631326949384405,64.90566037735849,35.094339622641506,29.81132075471698,0.4893980848153215
1198,595,0,10,27,37,0,0,8,8,45,1198,439,TARRANT,439,2201198,7968,1507,295,1212,73,54,1073,1125,1071,250,821,53,32,725,755,Taylor Rehmet,0.7120106171201062,82.22222222222221,17.77777777777778,64.44444444444443,0.8042468480424685
1199,435,3,21,28,52,1,34,21,56,108,1199,439,TARRANT,439,2201199,7969,424,288,136,22,46,55,101,369,261,108,19,44,35,79,Leigh Wambsganss,0.12971698113207547,48.148148148148145,51.85185185185185,-3.7037037037037024,0.32075471698113206
1206,2753,3,133,103,239,3,121,82,206,445,1206,439,TARRANT,439,2201206,7970,3937,2916,1021,71,128,691,806,3105,2427,678,51,83,434,512,Taylor Rehmet,0.17551435102870205,53.70786516853933,46.29213483146067,7.4157303370786565,0.25933451866903734
1208,2252,3,113,82,198,7,129,95,231,429,1208,439,TARRANT,439,2201208,7972,2649,2038,611,118,127,280,396,2055,1638,417,87,96,176,267,Leigh Wambsganss,0.10570026425066063,46.15384615384615,53.84615384615385,-7.692307692307693,0.23065307663269158
1227,1618,5,29,82,116,1,6,23,30,146,1227,439,TARRANT,439,2201227,7974,3169,611,2558,353,1622,608,2168,2263,497,1766,246,1120,412,1495,Taylor Rehmet,0.19185863048280213,79.45205479452055,20.54794520547945,58.9041095890411,0.8071946986431051
1236,601,5,48,80,133,2,16,18,36,169,1236,439,TARRANT,439,2201236,7975,1075,563,512,28,125,343,456,860,489,371,20,108,226,325,Taylor Rehmet,0.31906976744186044,78.69822485207101,21.301775147928996,57.396449704142015,0.4762790697674419
1277,1349,6,112,113,231,5,44,60,109,340,1277,439,TARRANT,439,2201277,7988,1943,992,951,81,523,301,810,1641,910,731,71,363,240,599,Taylor Rehmet,0.15491507977354607,67.94117647058823,32.05882352941177,35.882352941176464,0.4894493051981472
1337,2706,7,153,144,304,6,119,138,263,567,1337,439,TARRANT,439,2201337,8002,3264,2515,749,77,144,415,546,2605,2089,516,58,101,274,370,Taylor Rehmet,0.12714460784313725,53.61552028218695,46.38447971781305,7.231040564373899,0.22947303921568626
1376,110,0,0,0,0,0,2,0,2,2,1376,439,TARRANT,439,2201376,8011,4116,1779,2337,3,1601,767,2333,4086,1779,2307,3,1577,761,2303,Leigh Wambsganss,0.18634596695821184,0.0,100.0,-100.0,0.5677842565597667
1408,284,0,6,15,21,0,0,3,3,24,1408,439,TARRANT,439,2201408,8020,372,128,244,7,15,204,219,311,113,198,5,12,169,181,Taylor Rehmet,0.5483870967741935,87.5,12.5,75.0,0.6559139784946236
1415,1760,1,25,68,94,1,4,16,21,115,1415,439,TARRANT,439,2201415,8023,5020,545,4475,116,1609,2735,4283,3461,482,2979,85,1127,1713,2823,Taylor Rehmet,0.5448207171314741,81.73913043478261,18.26086956521739,63.47826086956522,0.8914342629482072
1416,156,2,20,15,37,0,6,12,18,55,1416,439,TARRANT,439,2201416,8024,228,117,111,4,17,91,105,181,102,79,2,13,65,75,Taylor Rehmet,0.3991228070175439,67.27272727272727,32.72727272727273,34.54545454545454,0.4868421052631579
1420,0,0,0,0,0,0,0,0,0,0,1420,439,TARRANT,439,2201420,8026,0,0,0,0,0,0,0,0,0,0,0,0,0,0,Tie,,0,0,0,
1430,11,0,1,1,2,0,0,0,0,2,1430,439,TARRANT,439,2201430,8030,28,4,24,3,7,14,21,21,2,19,1,7,11,18,Taylor Rehmet,0.5,100.0,0.0,100.0,0.8571428571428571
1434,0,0,0,0,0,0,0,0,0,0,1434,439,TARRANT,439,2201434,8032,0,0,0,0,0,0,0,0,0,0,0,0,0,0,Tie,,0,0,0,
1437,600,1,24,38,63,0,16,18,34,97,1437,439,TARRANT,439,2201437,8034,975,400,575,73,153,343,486,759,354,405,56,121,215,332,Taylor Rehmet,0.3517948717948718,64.94845360824742,35.051546391752574,29.896907216494846,0.5897435897435898
1455,0,0,0,0,0,0,0,0,0,0,1455,439,TARRANT,439,2201455,8040,0,0,0,0,0,0,0,0,0,0,0,0,0,0,Tie,,0,0,0,
1457,2,0,0,0,0,0,0,0,0,0,1457,439,TARRANT,439,2201457,8041,0,0,0,0,0,0,0,0,0,0,0,0,0,0,Tie,,0,0,0,
1460,2717,6,51,120,177,1,19,23,43,220,1460,439,TARRANT,439,2201460,8043,7568,1137,6431,233,4658,1531,6091,5579,1023,4556,178,3289,1065,4297,Taylor Rehmet,0.20229915433403806,80.45454545454545,19.545454545454547,60.90909090909091,0.849762156448203
1473,355,0,7,16,23,0,4,1,5,28,1473,439,TARRANT,439,2201473,8046,382,73,309,7,6,293,298,260,59,201,6,4,189,192,Taylor Rehmet,0.7670157068062827,82.14285714285714,17.857142857142858,64.28571428571428,0.8089005235602095
1476,150,0,4,10,14,0,0,0,0,14,1476,439,TARRANT,439,2201476,8047,360,61,299,4,16,282,294,247,57,190,2,12,175,185,Taylor Rehmet,0.7833333333333333,100.0,0.0,100.0,0.8305555555555556
1479,277,0,8,10,18,0,2,1,3,21,1479,439,TARRANT,439,2201479,8049,507,69,438,10,87,341,420,368,62,306,10,77,217,289,Taylor Rehmet,0.6725838264299803,85.71428571428571,14.285714285714285,71.42857142857142,0.863905325443787
1490,669,0,20,28,48,0,7,15,22,70,1490,439,TARRANT,439,2201490,8053,1377,369,1008,76,757,168,914,1058,316,742,63,550,127,666,Taylor Rehmet,0.12200435729847495,68.57142857142857,31.428571428571427,37.14285714285714,0.7320261437908496
1491,5,0,0,0,0,0,0,0,0,0,1491,439,TARRANT,439,2201491,8054,20,8,12,0,6,9,12,13,8,5,0,3,4,5,Tie,0.45,0,0,0,0.6
1544,11,0,0,0,0,0,0,0,0,0,1544,439,TARRANT,439,2201544,8061,26,5,21,0,0,20,20,23,5,18,0,0,17,17,Tie,0.7692307692307693,0,0,0,0.8076923076923077
1547,0,0,0,0,0,0,0,0,0,0,1547,439,TARRANT,439,2201547,8062,0,0,0,0,0,0,0,0,0,0,0,0,0,0,Tie,,0,0,0,
1549,0,0,0,0,0,0,0,0,0,0,1549,439,TARRANT,439,2201549,8063,0,0,0,0,0,0,0,0,0,0,0,0,0,0,Tie,,0,0,0,
1550,40,0,2,0,2,0,0,0,0,2,1550,439,TARRANT,439,2201550,8064,73,3,70,1,22,47,69,45,3,42,0,16,25,41,Taylor Rehmet,0.6438356164383562,100.0,0.0,100.0,0.958904109589041
1586,11,0,0,0,0,0,0,0,0,0,1586,439,TARRANT,439,2201586,8071,32,0,32,6,15,8,23,24,0,24,5,11,5,16,Tie,0.25,0,0,0,1.0
1589,298,0,9,16,25,0,1,6,7,32,1589,439,TARRANT,439,2201589,8072,377,169,208,69,87,53,135,317,155,162,49,76,38,112,Taylor Rehmet,0.14058355437665782,78.125,21.875,56.25,0.5517241379310345
1607,0,0,0,0,0,0,0,0,0,0,1607,439,TARRANT,439,2201607,8077,0,0,0,0,0,0,0,0,0,0,0,0,0,0,Tie,,0,0,0,
1608,889,3,115,183,301,2,17,67,86,387,1608,439,TARRANT,439,2201608,8078,1158,844,314,25,33,238,270,894,675,219,18,21,163,183,Taylor Rehmet,0.20552677029360966,77.77777777777779,22.22222222222222,55.555555555555564,0.2711571675302245
1610,37,0,0,5,5,0,0,3,3,8,1610,439,TARRANT,439,2201610,8079,74,34,40,4,10,26,36,47,23,24,4,10,10,20,Taylor Rehmet,0.35135135135135137,62.5,37.5,25.0,0.5405405405405406
1611,21,0,1,1,2,0,0,2,2,4,1611,439,TARRANT,439,2201611,8080,36,9,27,0,0,27,27,26,4,22,0,0,22,22,Tie,0.75,50.0,50.0,0.0,0.75
1617,40,0,2,3,5,0,0,2,2,7,1617,439,TARRANT,439,2201617,8081,88,28,60,0,3,48,51,68,26,42,0,2,31,33,Taylor Rehmet,0.5454545454545454,71.42857142857143,28.57142857142857,42.85714285714286,0.6818181818181818
1622,49,0,1,1,2,0,0,0,0,2,1622,439,TARRANT,439,2201622,8084,62,22,40,8,7,22,29,45,16,29,8,7,11,18,Taylor Rehmet,0.3548387096774194,100.0,0.0,100.0,0.6451612903225806
1623,1,0,0,0,0,0,0,0,0,0,1623,439,TARRANT,439,2201623,8085,0,0,0,0,0,0,0,0,0,0,0,0,0,0,Tie,,0,0,0,
1625,0,0,0,0,0,0,0,0,0,0,1625,439,TARRANT,439,2201625,8086,0,0,0,0,0,0,0,0,0,0,0,0,0,0,Tie,,0,0,0,
1633,31,0,0,4,4,0,0,2,2,6,1633,439,TARRANT,439,2201633,8089,75,31,44,0,0,41,41,66,28,38,0,0,38,38,Taylor Rehmet,0.5466666666666666,66.66666666666666,33.33333333333333,33.33333333333333,0.5866666666666667
1672,0,0,0,0,0,0,0,0,0,0,1672,439,TARRANT,439,2201672,8095,0,0,0,0,0,0,0,0,0,0,0,0,0,0,Tie,,0,0,0,
1674,0,0,0,0,0,0,0,0,0,0,1674,439,TARRANT,439,2201674,8096,0,0,0,0,0,0,0,0,0,0,0,0,0,0,Tie,,0,0,0,
1677,266,0,14,21,35,0,1,0,1,36,1677,439,TARRANT,439,2201677,8098,347,239,108,16,24,67,89,335,231,104,14,22,63,85,Taylor Rehmet,0.1930835734870317,97.22222222222221,2.7777777777777777,94.44444444444444,0.3112391930835735
1678,13,0,0,1,1,0,0,0,0,1,1678,439,TARRANT,439,2201678,8099,76,13,63,5,11,49,58,50,12,38,2,8,29,35,Taylor Rehmet,0.6447368421052632,100.0,0.0,100.0,0.8289473684210527
1679,0,0,0,0,0,0,0,0,0,0,1679,439,TARRANT,439,2201679,8100,0,0,0,0,0,0,0,0,0,0,0,0,0,0,Tie,,0,0,0,
1684,465,0,38,49,87,0,10,9,19,106,1684,439,TARRANT,439,2201684,8101,633,411,222,17,14,189,197,506,370,136,13,5,116,119,Taylor Rehmet,0.2985781990521327,82.0754716981132,17.92452830188679,64.15094339622641,0.35071090047393366
1701,1297,0,46,89,135,0,15,24,39,174,1701,439,TARRANT,439,2201701,8102,2077,970,1107,335,334,379,695,1502,713,789,255,239,243,472,Taylor Rehmet,0.18247472315840155,77.58620689655173,22.413793103448278,55.17241379310345,0.5329802599903707
1714,4193,14,153,264,431,1,56,58,115,546,1714,439,TARRANT,439,2201714,8105,6552,1533,5019,336,2878,1803,4592,4878,1327,3551,259,2022,1196,3189,Taylor Rehmet,0.2751831501831502,78.93772893772893,21.062271062271062,57.87545787545787,0.7660256410256411
1719,3080,3,140,113,256,0,138,120,258,514,1719,439,TARRANT,439,2201719,8109,3917,2831,1086,171,286,536,793,2991,2223,768,134,201,363,540,Leigh Wambsganss,0.13683941792187898,49.80544747081712,50.19455252918288,-0.3891050583657574,0.2772529997447026
1722,525,0,18,27,45,1,5,14,20,65,1722,439,TARRANT,439,2201722,8110,626,246,380,35,177,160,336,463,193,270,17,127,114,241,Taylor Rehmet,0.25559105431309903,69.23076923076923,30.76923076923077,38.46153846153845,0.6070287539936102
1834,2219,3,56,64,123,0,84,72,156,279,1834,439,TARRANT,439,2201834,8123,2315,1653,662,34,84,475,540,1743,1293,450,30,53,299,345,Leigh Wambsganss,0.20518358531317496,44.086021505376344,55.91397849462365,-11.827956989247305,0.2859611231101512
1845,2157,4,94,158,256,0,49,63,112,368,1845,439,TARRANT,439,2201845,8125,3571,1745,1826,497,598,640,1216,2613,1348,1265,340,420,429,836,Taylor Rehmet,0.1792215065807897,69.56521739130434,30.434782608695656,39.13043478260869,0.5113413609633156
2026,2041,8,92,107,207,2,51,62,115,322,2026,439,TARRANT,439,2202026,8130,3059,1850,1209,77,250,828,1071,2476,1620,856,51,188,567,751,Taylor Rehmet,0.2706766917293233,64.28571428571429,35.714285714285715,28.571428571428577,0.39522719843085974
2052,2312,4,84,87,175,2,46,53,101,276,2052,439,TARRANT,439,2202052,8137,7856,2849,5007,2019,1620,1256,2844,7241,2671,4570,1878,1495,1091,2560,Taylor Rehmet,0.159877800407332,63.40579710144928,36.594202898550726,26.811594202898554,0.637347250509165
2058,41,0,0,4,4,0,0,0,0,4,2058,439,TARRANT,439,2202058,8139,62,34,28,5,5,17,22,49,29,20,5,5,9,14,Taylor Rehmet,0.27419354838709675,100.0,0.0,100.0,0.45161290322580644
2148,2802,3,48,57,108,1,11,24,36,144,2148,439,TARRANT,439,2202148,8146,8712,1268,7444,355,1679,5416,7010,6220,1110,5110,303,1239,3549,4758,Taylor Rehmet,0.6216712580348944,75.0,25.0,50.0,0.8544536271808999
2161,1836,4,24,59,87,1,14,21,36,123,2161,439,TARRANT,439,2202161,8148,4733,1739,2994,1016,1072,863,1904,4367,1634,2733,946,992,743,1716,Taylor Rehmet,0.18233678428058314,70.73170731707317,29.268292682926827,41.463414634146346,0.6325797591379675
2190,331,0,7,12,19,0,11,10,21,40,2190,439,TARRANT,439,2202190,8156,613,211,402,16,59,314,371,480,193,287,16,42,218,258,Leigh Wambsganss,0.5122349102773246,47.5,52.5,-5.0,0.6557911908646004
2228,2377,8,145,151,304,5,96,124,225,529,2228,439,TARRANT,439,2202228,8167,2895,2035,860,229,224,358,568,2340,1704,636,178,166,251,412,Taylor Rehmet,0.1236614853195164,57.46691871455577,42.53308128544423,14.933837429111534,0.2970639032815199
2246,1156,5,69,80,154,3,59,52,114,268,2246,439,TARRANT,439,2202246,8170,1405,1033,372,77,86,174,253,1173,903,270,52,66,129,191,Taylor Rehmet,0.12384341637010676,57.46268656716418,42.53731343283582,14.925373134328353,0.26476868327402137
2317,1283,4,57,81,142,2,39,47,88,230,2317,439,TARRANT,439,2202317,8196,1687,1043,644,161,148,316,452,1354,898,456,121,104,211,311,Taylor Rehmet,0.1873147599288678,61.73913043478261,38.26086956521739,23.47826086956522,0.3817427385892116
2655,1085,0,18,30,48,0,10,15,25,73,2655,439,TARRANT,439,2202655,8277,2343,783,1560,102,691,764,1429,1915,730,1185,80,535,547,1069,Taylor Rehmet,0.32607767819035427,65.75342465753424,34.24657534246575,31.506849315068486,0.6658130601792573
2656,97,0,6,1,7,0,2,2,4,11,2656,439,TARRANT,439,2202656,8278,411,131,280,11,83,182,259,312,107,205,8,71,125,193,Taylor Rehmet,0.44282238442822386,63.63636363636363,36.36363636363637,27.272727272727266,0.681265206812652
2657,35,0,0,1,1,0,0,0,0,1,2657,439,TARRANT,439,2202657,8279,102,22,80,2,55,20,74,80,21,59,1,46,11,56,Taylor Rehmet,0.19607843137254902,100.0,0.0,100.0,0.7843137254901961
2670,156,0,2,9,11,0,3,1,4,15,2670,439,TARRANT,439,2202670,8283,306,103,203,3,64,132,192,234,97,137,1,43,95,134,Taylor Rehmet,0.43137254901960786,73.33333333333333,26.666666666666668,46.66666666666666,0.6633986928104575
2743,15,0,0,2,2,0,0,0,0,2,2743,439,TARRANT,439,2202743,8298,30,8,22,5,0,13,13,23,8,15,5,0,6,6,Taylor Rehmet,0.43333333333333335,100.0,0.0,100.0,0.7333333333333333
2744,445,1,6,16,23,0,10,5,15,38,2744,439,TARRANT,439,2202744,8299,898,247,651,71,147,411,551,702,233,469,54,118,271,387,Taylor Rehmet,0.4576837416481069,60.526315789473685,39.473684210526315,21.05263157894737,0.7249443207126949
3032,1354,6,49,85,140,1,38,49,88,228,3032,439,TARRANT,439,2203032,8313,2230,1265,965,69,196,637,821,1758,1091,667,46,130,435,559,Taylor Rehmet,0.28565022421524666,61.40350877192983,38.59649122807017,22.807017543859658,0.4327354260089686
3039,1847,2,83,68,153,0,150,129,279,432,3039,439,TARRANT,439,2203039,8318,2355,1883,472,201,71,141,209,1741,1418,323,121,47,102,148,Leigh Wambsganss,0.05987261146496815,35.41666666666667,64.58333333333334,-29.16666666666667,0.20042462845010617
3040,3436,8,171,103,282,15,168,120,303,585,3040,439,TARRANT,439,2203040,8319,4932,3515,1417,357,268,644,891,3931,2934,997,232,176,457,628,Leigh Wambsganss,0.1305758313057583,48.205128205128204,51.7948717948718,-3.5897435897435983,0.2873073803730738
3041,4060,5,108,135,248,4,90,81,175,423,3041,439,TARRANT,439,2203041,8320,8156,3963,4193,441,1255,2309,3488,6173,3272,2901,335,831,1553,2346,Taylor Rehmet,0.2831044629720451,58.62884160756501,41.371158392434985,17.257683215130022,0.5141000490436488
3043,2351,2,59,88,149,3,79,87,169,318,3043,439,TARRANT,439,2203043,8321,1351,1051,300,20,28,210,233,1041,837,204,11,16,150,164,Leigh Wambsganss,0.15544041450777202,46.855345911949684,53.144654088050316,-6.289308176100633,0.22205773501110287
3049,3222,3,173,145,321,5,211,202,418,739,3049,439,TARRANT,439,2203049,8322,4034,3099,935,222,172,447,594,3131,2514,617,156,115,263,363,Leigh Wambsganss,0.11080813088745661,43.437077131258455,56.56292286874154,-13.125845737483083,0.23177987109568665
3054,3929,10,232,183,425,9,184,163,356,781,3054,439,TARRANT,439,2203054,8323,5502,3746,1756,460,336,826,1133,3955,2824,1131,300,216,513,721,Taylor Rehmet,0.15012722646310434,54.41741357234315,45.58258642765685,8.834827144686301,0.31915667030170847
3063,1829,3,116,80,199,1,122,114,237,436,3063,439,TARRANT,439,2203063,8324,2338,1723,615,89,102,360,448,1858,1445,413,67,54,226,278,Leigh Wambsganss,0.15397775876817793,45.642201834862384,54.357798165137616,-8.715596330275233,0.2630453378956373
3072,2783,6,171,98,275,12,208,152,372,647,3072,439,TARRANT,439,2203072,8325,3497,2761,736,271,100,276,367,2718,2203,515,194,74,177,244,Leigh Wambsganss,0.07892479267943953,42.503863987635235,57.496136012364765,-14.99227202472953,0.21046611381183872
3131,1816,2,73,83,158,0,65,84,149,307,3131,439,TARRANT,439,2203131,8327,3106,1854,1252,90,328,752,1053,2463,1592,871,68,206,510,711,Taylor Rehmet,0.2421120412105602,51.465798045602604,48.534201954397396,2.9315960912052077,0.40309079201545395
3139,1497,2,67,59,128,4,44,48,96,224,3139,439,TARRANT,439,2203139,8328,2756,1336,1420,69,407,869,1241,2052,1092,960,47,243,588,820,Taylor Rehmet,0.3153120464441219,57.14285714285714,42.857142857142854,14.285714285714285,0.5152394775036284
3140,1925,6,95,83,184,0,87,79,166,350,3140,439,TARRANT,439,2203140,8329,2860,1939,921,96,139,567,679,2201,1585,616,74,85,362,440,Taylor Rehmet,0.19825174825174824,52.57142857142857,47.42857142857143,5.142857142857139,0.322027972027972
3152,50,0,1,1,2,0,1,2,3,5,3152,439,TARRANT,439,2203152,8330,71,51,20,6,3,11,14,52,39,13,2,3,7,10,Leigh Wambsganss,0.15492957746478872,40.0,60.0,-20.0,0.28169014084507044
3156,1825,2,88,74,164,2,117,87,206,370,3156,439,TARRANT,439,2203156,8331,2187,1587,600,86,99,305,397,1734,1339,395,55,55,197,250,Leigh Wambsganss,0.13946044810242342,44.32432432432433,55.67567567567567,-11.35135135135134,0.27434842249657065
3157,2492,2,87,116,205,2,77,37,116,321,3157,439,TARRANT,439,2203157,8332,4688,2342,2346,152,797,1273,2017,3469,1918,1551,105,519,829,1323,Taylor Rehmet,0.2715443686006826,63.862928348909655,36.13707165109034,27.725856697819317,0.5004266211604096
3164,2312,3,56,91,150,0,41,90,131,281,3164,439,TARRANT,439,2203164,8334,3752,2130,1622,91,259,1139,1384,2950,1841,1109,68,162,765,921,Taylor Rehmet,0.30357142857142855,53.380782918149464,46.619217081850536,6.761565836298928,0.43230277185501065
3166,2810,1,82,98,181,0,42,65,107,288,3166,439,TARRANT,439,2203166,8335,7236,2350,4886,323,1745,2737,4373,5173,1984,3189,246,1115,1730,2783,Taylor Rehmet,0.37824765063571036,62.84722222222222,37.15277777777778,25.694444444444443,0.6752349364289663
3172,2710,4,110,141,255,1,70,99,170,425,3172,439,TARRANT,439,2203172,8336,5120,2753,2367,144,720,1356,2038,3840,2268,1572,110,446,905,1326,Taylor Rehmet,0.26484375,60.0,40.0,20.0,0.4623046875
3176,3570,7,171,181,359,3,94,123,220,579,3176,439,TARRANT,439,2203176,8337,6482,3415,3067,276,966,1640,2565,5050,2930,2120,198,668,1078,1729,Taylor Rehmet,0.25300833076211043,62.00345423143351,37.99654576856649,24.006908462867017,0.47315643319962974
3177,2653,5,131,104,240,4,190,138,332,572,3177,439,TARRANT,439,2203177,8338,3323,2528,795,161,148,393,536,2664,2117,547,109,105,265,367,Leigh Wambsganss,0.11826662654228107,41.95804195804196,58.04195804195804,-16.08391608391608,0.23924164911224796
3185,2,0,0,0,0,0,0,0,0,0,3185,439,TARRANT,439,2203185,8340,0,0,0,0,0,0,0,0,0,0,0,0,0,0,Tie,,0,0,0,
3187,1769,3,68,98,169,0,42,61,103,272,3187,439,TARRANT,439,2203187,8341,2661,1628,1033,151,149,625,765,2004,1322,682,103,94,406,498,Taylor Rehmet,0.23487410747839157,62.13235294117647,37.86764705882353,24.264705882352942,0.3881999248402856
3192,2459,3,57,83,143,3,126,116,245,388,3192,439,TARRANT,439,2203192,8342,1338,950,388,66,123,165,274,1110,809,301,50,95,129,215,Leigh Wambsganss,0.12331838565022421,36.855670103092784,63.144329896907216,-26.288659793814432,0.28998505231689087
3194,2502,3,57,109,169,1,60,63,124,293,3194,439,TARRANT,439,2203194,8344,4272,2296,1976,201,245,1425,1650,3146,1804,1342,166,149,945,1081,Taylor Rehmet,0.3335674157303371,57.67918088737202,42.32081911262799,15.358361774744033,0.46254681647940077
3196,2289,7,151,117,275,0,131,127,258,533,3196,439,TARRANT,439,2203196,8345,2739,2085,654,144,104,334,430,2226,1764,462,104,74,229,298,Taylor Rehmet,0.12194231471339904,51.594746716697934,48.405253283302066,3.1894934333958673,0.23877327491785322
3200,2484,6,155,108,269,1,126,75,202,471,3200,439,TARRANT,439,2203200,8346,3877,2349,1528,308,515,611,1094,3125,2031,1094,224,361,427,771,Taylor Rehmet,0.1575960794428682,57.11252653927813,42.88747346072187,14.225053078556257,0.3941191643022956
3209,4723,15,230,202,447,10,307,352,669,1116,3209,439,TARRANT,439,2203209,8347,5028,3989,1039,215,200,466,655,3877,3161,716,141,143,306,445,Leigh Wambsganss,0.09268098647573587,40.053763440860216,59.946236559139784,-19.892473118279568,0.20664280031821797
3212,2194,8,65,86,159,3,68,65,136,295,3212,439,TARRANT,439,2203212,8348,3742,1945,1797,226,941,522,1403,3010,1741,1269,176,610,377,955,Taylor Rehmet,0.13949759486905397,53.898305084745765,46.101694915254235,7.7966101694915295,0.480224478888295
3213,2149,3,83,114,200,1,40,62,103,303,3213,439,TARRANT,439,2203213,8349,3106,1895,1211,31,208,905,1085,2348,1556,792,22,119,568,676,Taylor Rehmet,0.2913715389568577,66.006600660066,33.993399339933994,32.013201320132005,0.38989053444945265
3214,3380,4,122,146,272,0,104,116,220,492,3214,439,TARRANT,439,2203214,8350,4911,2694,2217,521,535,1025,1527,3920,2277,1643,390,378,752,1115,Taylor Rehmet,0.2087151293015679,55.28455284552846,44.71544715447154,10.569105691056919,0.451435552840562
3215,2344,5,133,95,233,1,143,132,276,509,3215,439,TARRANT,439,2203215,8351,3199,2302,897,134,254,417,654,2635,2007,628,94,168,299,458,Leigh Wambsganss,0.13035323538605814,45.77603143418468,54.223968565815326,-8.447937131630646,0.2804001250390747
3240,4646,10,157,190,357,7,113,128,248,605,3240,439,TARRANT,439,2203240,8353,5763,2933,2830,647,709,1348,2002,3976,2148,1828,431,459,835,1271,Taylor Rehmet,0.23390595176123546,59.008264462809926,40.99173553719008,18.016528925619845,0.49106368211001217
3247,1896,5,77,43,125,0,39,49,88,213,3247,439,TARRANT,439,2203247,8354,4387,1622,2765,145,1669,843,2449,3205,1321,1884,110,1099,594,1654,Taylor Rehmet,0.1921586505584682,58.68544600938967,41.31455399061033,17.370892018779344,0.6302712559835879
3248,4143,11,244,195,450,1,266,239,506,956,3248,439,TARRANT,439,2203248,8355,5125,3990,1135,352,182,457,627,4004,3203,801,244,137,310,439,Leigh Wambsganss,0.08917073170731707,47.071129707112966,52.928870292887034,-5.857740585774067,0.22146341463414634
3254,2541,8,94,95,197,3,71,60,134,331,3254,439,TARRANT,439,2203254,8357,4203,2183,2020,216,733,899,1606,3257,1863,1394,167,468,619,1075,Taylor Rehmet,0.21389483702117534,59.516616314199396,40.483383685800604,19.033232628398792,0.48060908874613373
3282,1736,4,90,96,190,3,64,79,146,336,3282,439,TARRANT,439,2203282,8359,2456,1726,730,68,174,412,576,1956,1421,535,52,130,286,408,Taylor Rehmet,0.16775244299674266,56.547619047619044,43.452380952380956,13.095238095238088,0.2972312703583062
3286,1435,0,29,40,69,2,97,85,184,253,3286,439,TARRANT,439,2203286,8361,1431,992,439,266,60,69,121,985,738,247,143,30,36,63,Leigh Wambsganss,0.04821802935010482,27.27272727272727,72.72727272727273,-45.45454545454547,0.30677847658979734
3287,2794,1,83,127,211,2,65,109,176,387,3287,439,TARRANT,439,2203287,8362,4264,2616,1648,335,236,974,1181,3273,2108,1165,253,156,653,793,Taylor Rehmet,0.22842401500938087,54.52196382428941,45.47803617571059,9.043927648578816,0.38649155722326456
3289,2959,2,105,98,205,2,107,79,188,393,3289,439,TARRANT,439,2203289,8363,5269,2744,2525,329,351,1694,2014,3960,2248,1712,223,229,1137,1350,Taylor Rehmet,0.32150313152400833,52.16284987277354,47.837150127226465,4.325699745547077,0.4792180679445815
3324,2614,5,113,126,244,1,88,83,172,416,3324,439,TARRANT,439,2203324,8367,4070,2519,1551,145,468,872,1289,3160,2096,1064,113,291,569,841,Taylor Rehmet,0.21425061425061426,58.65384615384615,41.34615384615385,17.307692307692307,0.3810810810810811
3325,1177,3,37,48,88,0,47,64,111,199,3325,439,TARRANT,439,2203325A,8368,1763,1056,707,47,97,474,564,1372,896,476,34,51,312,359,Leigh Wambsganss,0.2688598979013046,44.221105527638194,55.778894472361806,-11.557788944723612,0.4010209869540556
3326,1508,1,95,49,145,0,38,27,65,210,3326,439,TARRANT,439,2203326,8370,1822,1094,728,67,230,399,615,1492,967,525,56,162,276,432,Taylor Rehmet,0.21899012074643248,69.04761904761905,30.952380952380953,38.0952380952381,0.3995609220636663
3327,1665,0,114,98,212,0,96,90,186,398,3327,439,TARRANT,439,2203327,8371,2059,1427,632,86,116,359,453,1698,1233,465,73,82,259,328,Taylor Rehmet,0.174356483729966,53.266331658291456,46.733668341708544,6.532663316582912,0.30694511898980087
3332,3495,4,111,163,278,1,49,60,110,388,3332,439,TARRANT,439,2203332,8375,6240,2841,3399,730,865,1664,2472,4463,2235,2228,548,472,1080,1523,Taylor Rehmet,0.26666666666666666,71.64948453608247,28.350515463917525,43.298969072164944,0.5447115384615384
3333,4601,14,290,228,532,13,204,178,395,927,3333,439,TARRANT,439,2203333,8376,6048,4004,2044,319,584,921,1471,4813,3365,1448,229,398,626,1006,Taylor Rehmet,0.15228174603174602,57.38942826321467,42.61057173678533,14.778856526429337,0.33796296296296297
3334,2231,4,139,80,223,0,92,62,154,377,3334,439,TARRANT,439,2203334,8377,3559,2030,1529,212,617,615,1195,2893,1773,1120,148,442,452,869,Taylor Rehmet,0.1728013486934532,59.15119363395226,40.84880636604775,18.302387267904514,0.42961506041022757
3359,2279,6,180,114,300,3,217,120,340,640,3359,439,TARRANT,439,2203359,8380,2930,2162,768,398,76,196,267,2068,1605,463,249,56,108,160,Leigh Wambsganss,0.06689419795221843,46.875,53.125,-6.25,0.2621160409556314
3363,1749,0,62,56,118,0,80,82,162,280,3363,439,TARRANT,439,2203363,8382,858,687,171,10,28,110,135,644,520,124,10,26,67,91,Leigh Wambsganss,0.1282051282051282,42.142857142857146,57.85714285714286,-15.714285714285715,0.1993006993006993
3364,1594,1,41,56,98,1,37,47,85,183,3364,439,TARRANT,439,2203364,8383,1954,1015,939,158,397,353,732,1526,860,666,114,279,238,507,Taylor Rehmet,0.18065506653019447,53.551912568306015,46.44808743169399,7.1038251366120235,0.4805527123848516
3365,4520,10,274,190,474,9,341,287,637,1111,3365,439,TARRANT,439,2203365,8384,5654,4535,1119,299,167,478,630,4089,3365,724,186,111,315,420,Leigh Wambsganss,0.08454191722674213,42.66426642664267,57.33573357335734,-14.671467146714669,0.19791298195967458
3367,1781,2,95,85,182,1,74,87,162,344,3367,439,TARRANT,439,2203367,8385,2421,1785,636,110,128,341,461,1858,1425,433,85,91,210,297,Taylor Rehmet,0.14085088806278398,52.90697674418605,47.093023255813954,5.8139534883721,0.26270136307311026
3372,4135,7,130,214,351,3,90,122,215,566,3372,439,TARRANT,439,2203372,8387,6546,3883,2663,750,657,1128,1733,4447,2681,1766,542,402,702,1086,Taylor Rehmet,0.17231897341888175,62.014134275618375,37.985865724381625,24.02826855123675,0.40681332111212953
3386,2712,4,191,88,283,11,222,174,407,690,3386,439,TARRANT,439,2203386,8390,3206,2540,666,188,118,266,376,2405,1972,433,130,79,163,238,Leigh Wambsganss,0.08296943231441048,41.01449275362319,58.98550724637681,-17.971014492753625,0.20773549594510293
3387,2169,6,128,109,243,2,163,155,320,563,3387,439,TARRANT,439,2203387,8391,2738,2182,556,74,75,325,382,2141,1765,376,60,41,213,247,Leigh Wambsganss,0.11869978086194302,43.16163410301954,56.838365896980456,-13.676731793960919,0.20306793279766253
3392,2415,1,161,105,267,8,197,176,381,648,3392,439,TARRANT,439,2203392,8395,3062,2363,699,219,77,330,399,2244,1792,452,149,57,191,246,Leigh Wambsganss,0.1077726975832789,41.2037037037037,58.79629629629629,-17.592592592592588,0.22828216851730895
3398,1751,4,53,73,130,0,54,67,121,251,3398,439,TARRANT,439,2203398,8397,2566,1668,898,130,181,509,680,1963,1339,624,107,115,342,452,Taylor Rehmet,0.19836321122369446,51.79282868525896,48.20717131474104,3.5856573705179215,0.34996102883865937
3406,0,0,0,0,0,0,0,0,0,0,3406,439,TARRANT,439,2203406,8398,0,0,0,0,0,0,0,0,0,0,0,0,0,0,Tie,,0,0,0,
3409,53,0,0,0,0,0,0,0,0,0,3409,439,TARRANT,439,2203409,8399,201,50,151,6,11,130,140,144,45,99,2,6,85,90,Tie,0.6467661691542289,0,0,0,0.7512437810945274
3417,2696,0,101,152,253,2,63,77,142,395,3417,439,TARRANT,439,2203417,8400,4562,2437,2125,429,673,890,1520,3149,1765,1384,282,427,588,994,Taylor Rehmet,0.19508987286277948,64.0506329113924,35.949367088607595,28.101265822784804,0.46580447172292855
3422,3017,2,147,128,277,3,139,239,381,658,3422,439,TARRANT,439,2203422,8402,3754,2360,1394,690,213,384,591,2474,1628,846,429,133,215,348,Leigh Wambsganss,0.10229088971763452,42.097264437689965,57.90273556231003,-15.805471124620063,0.37133724027703785
3433,608,0,40,26,66,4,33,44,81,147,3433,439,TARRANT,439,2203433,8403,839,648,191,51,37,83,118,709,553,156,32,36,65,99,Leigh Wambsganss,0.09892729439809297,44.89795918367347,55.10204081632652,-10.20408163265305,0.22765196662693682
3447,0,0,0,0,0,0,0,0,0,0,3447,439,TARRANT,439,2203447,8406,0,0,0,0,0,0,0,0,0,0,0,0,0,0,Tie,,0,0,0,
3465,3958,6,168,211,385,3,97,114,214,599,3465,439,TARRANT,439,2203465,8407,6551,3638,2913,507,786,1513,2241,4597,2697,1900,320,507,981,1454,Taylor Rehmet,0.2309571057853763,64.27378964941569,35.72621035058431,28.54757929883138,0.444664936650893
3470,159,0,4,1,5,0,6,4,10,15,3470,439,TARRANT,439,2203470,8409,267,119,148,42,11,94,103,195,99,96,23,7,64,71,Leigh Wambsganss,0.352059925093633,33.33333333333333,66.66666666666666,-33.33333333333333,0.5543071161048689
3471,1874,5,129,81,215,6,144,123,273,488,3471,439,TARRANT,439,2203471,8410,2303,1835,468,140,76,196,262,1705,1411,294,84,50,117,164,Leigh Wambsganss,0.0851063829787234,44.05737704918033,55.942622950819676,-11.885245901639344,0.2032132001736865
3486,4569,6,232,252,490,1,154,170,325,815,3486,439,TARRANT,439,2203486,8411,6496,4125,2371,566,648,1018,1618,4323,2846,1477,345,377,621,983,Taylor Rehmet,0.15671182266009853,60.122699386503065,39.87730061349693,20.245398773006137,0.36499384236453203
3500,505,2,8,10,20,0,18,12,30,50,3500,439,TARRANT,439,2203500,8412,688,524,164,31,38,84,122,548,436,112,20,24,55,79,Leigh Wambsganss,0.12209302325581395,40.0,60.0,-20.0,0.23837209302325582
3502,1688,4,102,60,166,4,150,133,287,453,3502,439,TARRANT,439,2203502,8413,1948,1627,321,81,32,150,177,1463,1259,204,50,16,94,106,Leigh Wambsganss,0.07700205338809035,36.64459161147903,63.35540838852097,-26.71081677704194,0.16478439425051336
3507,2838,4,139,104,247,0,77,85,162,409,3507,439,TARRANT,439,2203507,8414,4311,2596,1715,153,398,1028,1390,3181,2049,1132,112,232,688,906,Taylor Rehmet,0.23845975411737416,60.391198044009776,39.60880195599022,20.78239608801956,0.39781953143122245
3509,2276,3,84,88,175,1,69,78,148,323,3509,439,TARRANT,439,2203509,8415,3483,2165,1318,163,244,771,985,2646,1737,909,122,142,530,654,Taylor Rehmet,0.22136089577950044,54.179566563467496,45.82043343653251,8.359133126934985,0.3784094171691071
3517,2620,6,99,64,169,5,102,35,142,311,3517,439,TARRANT,439,2203517,8419,4753,2345,2408,328,1199,837,1987,3956,2159,1797,265,858,607,1441,Taylor Rehmet,0.1760993057016621,54.340836012861736,45.659163987138264,8.681672025723472,0.5066273932253313
3526,1365,1,98,48,147,2,125,94,221,368,3526,439,TARRANT,439,2203526,8420,1642,1194,448,246,39,109,148,1225,924,301,152,37,73,110,Leigh Wambsganss,0.06638246041412911,39.94565217391305,60.05434782608695,-20.108695652173907,0.2728380024360536
3527,2743,6,128,137,271,3,149,153,305,576,3527,439,TARRANT,439,2203527,8421,3522,2588,934,160,184,486,651,2745,2062,683,112,123,340,457,Leigh Wambsganss,0.13798977853492334,47.04861111111111,52.951388888888886,-5.902777777777779,0.26519023282226006
3529,0,5,191,157,353,0,199,189,388,741,3529,439,TARRANT,439,2203529,8422,3891,2369,1522,1039,144,259,393,2583,1686,897,598,87,156,240,Leigh Wambsganss,0.0665638653302493,47.638326585695005,52.36167341430499,-4.723346828609984,0.39115908506810587
3538,4043,4,313,168,485,2,344,215,561,1046,3538,439,TARRANT,439,2203538,8424,5453,3627,1826,1011,192,501,676,3718,2549,1169,649,124,310,425,Leigh Wambsganss,0.09187603154227031,46.367112810707454,53.632887189292546,-7.265774378585093,0.33486154410416286
3545,2594,6,172,102,280,3,268,191,462,742,3545,439,TARRANT,439,2203545,8427,3280,2352,928,479,118,247,364,2392,1806,586,289,73,148,220,Leigh Wambsganss,0.07530487804878049,37.735849056603776,62.264150943396224,-24.52830188679245,0.28292682926829266
3552,3695,5,120,173,298,3,67,95,165,463,3552,439,TARRANT,439,2203552,8428,6224,2966,3258,810,1109,1245,2285,4294,2170,2124,557,675,794,1435,Taylor Rehmet,0.20003213367609254,64.36285097192224,35.63714902807775,28.72570194384449,0.5234575835475579
3554,3098,10,227,131,368,3,223,191,417,785,3554,439,TARRANT,439,2203554,8429,3978,3022,956,330,145,355,493,2994,2337,657,224,94,230,323,Leigh Wambsganss,0.08924082453494218,46.87898089171975,53.12101910828025,-6.242038216560502,0.24032176973353445
3558,3663,9,249,140,398,5,353,213,571,969,3558,439,TARRANT,439,2203558,8430,4618,3407,1211,662,107,332,432,3313,2576,737,386,68,202,267,Leigh Wambsganss,0.07189259419662192,41.073271413828685,58.92672858617131,-17.853457172342623,0.26223473365093114
3560,0,0,0,0,0,0,0,0,0,0,3560,439,TARRANT,439,2203560,8431,0,0,0,0,0,0,0,0,0,0,0,0,0,0,Tie,,0,0,0,
3567,2342,2,66,81,149,8,80,79,167,316,3567,439,TARRANT,439,2203567,8434,2173,1338,835,82,330,336,650,1500,982,518,63,191,209,392,Leigh Wambsganss,0.15462494247583985,47.151898734177216,52.84810126582279,-5.696202531645575,0.38426138978370916
3570,3220,3,114,122,239,2,71,90,163,402,3570,439,TARRANT,439,2203570,8435,5565,2995,2570,784,630,1010,1599,3969,2270,1699,521,417,650,1054,Taylor Rehmet,0.18149146451033243,59.452736318407965,40.547263681592035,18.90547263681593,0.4618149146451033
3575,0,0,0,0,0,0,0,0,0,0,3575,439,TARRANT,439,2203575,8437,12,3,9,0,6,2,7,10,3,7,0,5,0,5,Tie,0.16666666666666666,0,0,0,0.75
3579,977,5,49,42,96,0,81,53,134,230,3579,439,TARRANT,439,2203579,8438,1212,899,313,120,51,102,150,932,724,208,78,35,62,94,Leigh Wambsganss,0.08415841584158416,41.73913043478261,58.26086956521739,-16.52173913043478,0.25825082508250824
3580,0,0,0,0,0,0,0,0,0,0,3580,439,TARRANT,439,2203580,8439,0,0,0,0,0,0,0,0,0,0,0,0,0,0,Tie,,0,0,0,
3582,27,0,0,0,0,0,2,10,12,12,3582,439,TARRANT,439,2203582,8440,108,46,62,12,10,32,38,85,41,44,9,4,26,28,Leigh Wambsganss,0.2962962962962963,0.0,100.0,-100.0,0.5740740740740741
3583,0,0,0,0,0,0,0,0,0,0,3583,439,TARRANT,439,2203583,8441,0,0,0,0,0,0,0,0,0,0,0,0,0,0,Tie,,0,0,0,
3584,0,0,0,0,0,0,0,0,0,0,3584,439,TARRANT,439,2203584,8442,0,0,0,0,0,0,0,0,0,0,0,0,0,0,Tie,,0,0,0,
3585,0,0,0,0,0,0,0,0,0,0,3585,439,TARRANT,439,2203585,8443,31,8,23,2,7,9,15,28,7,21,2,6,8,14,Tie,0.2903225806451613,0,0,0,0.7419354838709677
3590,0,0,0,0,0,0,0,0,0,0,3590,439,TARRANT,439,2203590,8444,0,0,0,0,0,0,0,0,0,0,0,0,0,0,Tie,,0,0,0,
3624,403,0,23,11,34,0,19,21,40,74,3624,439,TARRANT,439,2203624,8445,568,243,325,281,22,23,40,380,194,186,158,16,13,26,Leigh Wambsganss,0.040492957746478875,45.94594594594595,54.054054054054056,-8.108108108108105,0.5721830985915493
3626,817,6,46,18,70,8,57,39,104,174,3626,439,TARRANT,439,2203626,8446,1031,828,203,66,46,64,108,898,746,152,45,34,52,85,Leigh Wambsganss,0.06207565470417071,40.229885057471265,59.77011494252874,-19.540229885057478,0.19689621726479145
3637,3043,7,116,129,252,0,47,48,95,347,3637,439,TARRANT,439,2203637,8447,4461,2083,2378,662,719,928,1611,3209,1577,1632,465,451,635,1074,Taylor Rehmet,0.20802510647836808,72.62247838616715,27.37752161383285,45.24495677233429,0.5330643353508182
3646,4047,3,70,180,253,0,60,105,165,418,3646,439,TARRANT,439,2203646,8448,6000,3615,2385,400,685,1121,1758,4346,2695,1651,286,485,735,1192,Taylor Rehmet,0.18683333333333332,60.526315789473685,39.473684210526315,21.05263157894737,0.3975
3647,3996,11,205,229,445,13,111,139,263,708,3647,439,TARRANT,439,2203647,8449,6657,3912,2745,793,809,997,1762,4990,3025,1965,574,564,720,1258,Taylor Rehmet,0.14976716238545892,62.85310734463276,37.14689265536723,25.70621468926553,0.41234790446146913
3648,4303,0,179,210,389,3,108,188,299,688,3648,439,TARRANT,439,2203648,8450,6198,3716,2482,613,707,1017,1677,4177,2613,1564,412,407,630,1014,Taylor Rehmet,0.16408518877057116,56.5406976744186,43.4593023255814,13.081395348837205,0.4004517586318167
3653,0,0,0,0,0,0,0,0,0,0,3653,439,TARRANT,439,2203653,8451,0,0,0,0,0,0,0,0,0,0,0,0,0,0,Tie,,0,0,0,
3654,0,0,0,0,0,0,0,0,0,0,3654,439,TARRANT,439,2203654,8452,0,0,0,0,0,0,0,0,0,0,0,0,0,0,Tie,,0,0,0,
3661,0,0,0,0,0,0,0,0,0,0,3661,439,TARRANT,439,2203661,8453,0,0,0,0,0,0,0,0,0,0,0,0,0,0,Tie,,0,0,0,
3664,0,0,0,0,0,0,0,0,0,0,3664,439,TARRANT,439,2203664,8455,0,0,0,0,0,0,0,0,0,0,0,0,0,0,Tie,,0,0,0,
3665,18,0,0,1,1,0,0,1,1,2,3665,439,TARRANT,439,2203665,8456,21,11,10,1,2,8,10,12,10,2,1,0,2,2,Tie,0.38095238095238093,50.0,50.0,0.0,0.47619047619047616
3667,127,1,5,4,10,0,5,2,7,17,3667,439,TARRANT,439,2203667,8457,180,104,76,36,24,16,34,145,82,63,32,20,10,26,Taylor Rehmet,0.08888888888888889,58.82352941176471,41.17647058823529,17.64705882352942,0.4222222222222222
3668,400,0,24,19,43,0,18,26,44,87,3668,439,TARRANT,439,2203668,8458,506,364,142,65,11,60,66,355,272,83,45,1,31,32,Leigh Wambsganss,0.11857707509881422,49.42528735632184,50.57471264367817,-1.1494252873563298,0.28063241106719367
3669,6,0,1,0,1,0,0,0,0,1,3669,439,TARRANT,439,2203669,8459,11,5,6,2,1,2,3,8,5,3,2,0,0,0,Taylor Rehmet,0.18181818181818182,100.0,0.0,100.0,0.5454545454545454
3671,941,3,51,35,89,5,52,62,119,208,3671,439,TARRANT,439,2203671,8460,1251,983,268,42,48,137,183,997,807,190,29,34,95,129,Leigh Wambsganss,0.10951239008792965,42.78846153846153,57.21153846153846,-14.423076923076927,0.21422861710631494
3695,2669,6,186,161,353,3,81,110,194,547,3695,439,TARRANT,439,2203695,8461,3963,2511,1452,453,273,644,891,2642,1739,903,282,168,375,539,Taylor Rehmet,0.1625031541761292,64.53382084095064,35.46617915904936,29.06764168190128,0.3663890991672975
3696,4593,6,185,244,435,2,138,193,333,768,3696,439,TARRANT,439,2203696,8462,7181,4132,3049,565,703,1629,2287,4808,2918,1890,366,410,994,1384,Taylor Rehmet,0.22684862832474587,56.640625,43.359375,13.28125,0.4245926751148865
3698,3996,7,206,245,458,4,113,149,266,724,3698,439,TARRANT,439,2203698,8463,5856,3171,2685,731,743,1124,1814,3982,2235,1747,498,459,704,1144,Taylor Rehmet,0.1919398907103825,63.25966850828729,36.74033149171271,26.519337016574582,0.45850409836065575
3700,2701,0,43,115,158,1,46,65,112,270,3700,439,TARRANT,439,2203700,8464,4655,2743,1912,129,808,915,1665,2934,1863,1071,61,411,524,913,Taylor Rehmet,0.19656283566058003,58.51851851851851,41.48148148148148,17.03703703703703,0.41074113856068745
3709,1496,4,45,75,124,1,36,74,111,235,3709,439,TARRANT,439,2203709,8466,2285,1429,856,217,177,432,585,1560,1033,527,139,111,246,349,Taylor Rehmet,0.18905908096280089,52.76595744680851,47.23404255319149,5.531914893617014,0.374617067833698
3716,2412,7,141,96,244,10,123,96,229,473,3716,439,TARRANT,439,2203716,8467,3239,2256,983,353,202,375,563,2430,1773,657,241,127,250,366,Taylor Rehmet,0.11577647422043841,51.58562367864693,48.41437632135307,3.171247357293865,0.30348873108984253
3720,2365,2,142,78,222,5,191,170,366,588,3720,439,TARRANT,439,2203720,8468,2788,2292,496,100,62,221,278,2147,1821,326,59,35,141,176,Leigh Wambsganss,0.07926829268292683,37.755102040816325,62.244897959183675,-24.48979591836735,0.17790530846484937
3725,2581,4,115,112,231,1,100,104,205,436,3725,439,TARRANT,439,2203725,8469,3806,2412,1394,306,282,736,1000,2957,1973,984,225,203,491,683,Taylor Rehmet,0.19337887545980031,52.981651376146786,47.018348623853214,5.963302752293572,0.36626379400945874
3728,2876,3,151,123,277,5,183,117,305,582,3728,439,TARRANT,439,2203728,8470,3974,2202,1772,1305,148,270,408,2749,1633,1116,805,100,168,261,Leigh Wambsganss,0.06794162053346754,47.59450171821305,52.40549828178695,-4.8109965635738945,0.4458983392048314
3729,1047,0,24,40,64,0,15,9,24,88,3729,439,TARRANT,439,2203729,8471,6,3,3,0,2,1,2,5,3,2,0,2,1,2,Taylor Rehmet,0.16666666666666666,72.72727272727273,27.27272727272727,45.45454545454547,0.5
3732,2578,4,92,72,168,0,113,102,215,383,3732,439,TARRANT,439,2203732,8472,2691,2027,664,79,62,458,504,2035,1607,428,49,30,278,306,Leigh Wambsganss,0.17019695280564845,43.86422976501306,56.13577023498695,-12.271540469973893,0.24674842066146413
3750,0,0,0,0,0,0,0,0,0,0,3750,439,TARRANT,439,2203750,8474,0,0,0,0,0,0,0,0,0,0,0,0,0,0,Tie,,0,0,0,
3822,0,0,0,0,0,0,0,0,0,0,3822,439,TARRANT,439,2203822,8477,0,0,0,0,0,0,0,0,0,0,0,0,0,0,Tie,,0,0,0,
3841,2747,3,70,117,190,5,67,105,177,367,3841,439,TARRANT,439,2203841,8479,2358,1488,870,197,254,388,615,1443,944,499,116,134,208,338,Taylor Rehmet,0.1645462256149279,51.771117166212534,48.228882833787466,3.5422343324250676,0.36895674300254455
3842,1784,5,124,151,280,3,78,72,153,433,3842,439,TARRANT,439,2203842,8480,2363,1465,898,331,198,314,502,1547,1002,545,212,118,181,297,Taylor Rehmet,0.1328819297503174,64.66512702078522,35.33487297921478,29.33025404157044,0.3800253914515446
3847,3270,1,76,123,200,0,70,142,212,412,3847,439,TARRANT,439,2203847,8481,3989,2682,1307,141,377,685,1025,2530,1756,774,85,222,397,608,Leigh Wambsganss,0.17172223614941087,48.54368932038835,51.45631067961165,-2.9126213592232943,0.32765104036099274
3850,3663,2,87,135,224,2,116,94,212,436,3850,439,TARRANT,439,2203850,8482,4189,2467,1722,217,558,874,1396,2878,1778,1100,137,361,539,888,Taylor Rehmet,0.20864168059202673,51.37614678899083,48.62385321100918,2.7522935779816535,0.4110766292671282
4006,1307,0,42,67,109,0,5,4,9,118,4006,439,TARRANT,439,2204006,8483,1877,845,1032,53,625,348,954,1586,783,803,43,464,283,741,Taylor Rehmet,0.18540223761321256,92.37288135593221,7.627118644067797,84.74576271186442,0.5498135322322856
4016,1578,8,148,159,315,1,38,45,84,399,4016,439,TARRANT,439,2204016,8484,2016,1468,548,44,186,296,467,1731,1319,412,25,128,228,351,Taylor Rehmet,0.14682539682539683,78.94736842105263,21.052631578947366,57.89473684210526,0.2718253968253968
4017,3400,7,36,191,234,1,3,21,25,259,4017,439,TARRANT,439,2204017,8485,9380,892,8488,247,1458,6769,8153,6273,682,5591,134,880,4537,5384,Taylor Rehmet,0.7216417910447761,90.34749034749035,9.652509652509652,80.6949806949807,0.9049040511727079
4018,1199,0,34,30,64,1,31,38,70,134,4018,439,TARRANT,439,2204018,8486,2130,1183,947,41,122,744,849,1565,971,594,34,60,464,522,Leigh Wambsganss,0.3492957746478873,47.76119402985074,52.23880597014925,-4.477611940298509,0.44460093896713615
4020,2037,0,55,56,111,0,53,33,86,197,4020,439,TARRANT,439,2204020,8487,3962,2013,1949,133,348,1341,1676,2976,1673,1303,103,243,862,1095,Taylor Rehmet,0.33846542150429076,56.34517766497462,43.65482233502538,12.690355329949242,0.49192327107521455
4042,1438,1,26,44,71,0,20,31,51,122,4042,439,TARRANT,439,2204042,8488,3466,1038,2428,359,206,1817,1999,2499,865,1634,293,110,1191,1286,Taylor Rehmet,0.5242354298903635,58.19672131147541,41.80327868852459,16.393442622950815,0.7005193306405078
4044,5589,6,136,234,376,2,126,144,272,648,4044,439,TARRANT,439,2204044,8489,4654,2357,2297,254,674,1337,1934,3196,1767,1429,171,412,789,1180,Taylor Rehmet,0.28727975934679845,58.0246913580247,41.9753086419753,16.049382716049394,0.4935539321014181
4045,2848,14,118,112,244,8,159,199,366,610,4045,439,TARRANT,439,2204045,8490,3455,2726,729,92,82,450,519,2710,2233,477,57,53,282,329,Leigh Wambsganss,0.13024602026049203,40.0,60.0,-20.0,0.21099855282199712
4046,3048,2,54,69,125,3,128,126,257,382,4046,439,TARRANT,439,2204046,8491,4120,3264,856,46,138,500,628,3119,2589,530,34,81,288,363,Leigh Wambsganss,0.12135922330097088,32.72251308900523,67.27748691099477,-34.554973821989535,0.20776699029126214
4047,4306,7,72,49,128,0,185,149,334,462,4047,439,TARRANT,439,2204047,8492,5972,4729,1243,60,113,813,910,4654,3829,825,44,54,503,550,Leigh Wambsganss,0.13613529805760213,27.705627705627705,72.2943722943723,-44.58874458874459,0.20813797722705962
4048,798,4,8,44,56,0,3,4,7,63,4048,439,TARRANT,439,2204048,8493,2135,139,1996,26,123,1857,1958,1548,121,1427,12,85,1329,1403,Taylor Rehmet,0.8697892271662764,88.88888888888889,11.11111111111111,77.77777777777777,0.9348946135831382
4050,1740,2,27,89,118,2,2,9,13,131,4050,439,TARRANT,439,2204050,8494,4648,365,4283,43,765,3509,4238,3108,264,2844,28,499,2320,2809,Taylor Rehmet,0.7549483648881239,90.07633587786259,9.923664122137405,80.15267175572518,0.9214716006884681
4051,14,0,0,0,0,0,0,0,0,0,4051,439,TARRANT,439,2204051,8495,23,5,18,1,2,13,15,12,5,7,0,2,2,4,Tie,0.5652173913043478,0,0,0,0.782608695652174
4053,1424,4,53,47,104,1,43,30,74,178,4053,439,TARRANT,439,2204053,8496,2223,1232,991,46,112,770,864,1688,1009,679,33,85,520,593,Taylor Rehmet,0.346378767431399,58.42696629213483,41.57303370786517,16.853932584269657,0.44579397210976157
4057,837,9,91,130,230,1,3,84,88,318,4057,439,TARRANT,439,2204057,8497,955,647,308,47,95,132,224,915,635,280,42,86,119,205,Taylor Rehmet,0.1382198952879581,72.32704402515722,27.67295597484277,44.654088050314456,0.3225130890052356
4060,2576,3,246,367,616,0,21,36,57,673,4060,439,TARRANT,439,2204060,8498,3210,1766,1444,221,147,1022,1155,2637,1516,1121,182,114,762,868,Taylor Rehmet,0.318380062305296,91.53046062407132,8.469539375928678,83.06092124814265,0.44984423676012464
4065,2817,5,57,59,121,2,157,134,293,414,4065,439,TARRANT,439,2204065,8499,3937,2828,1109,85,81,835,904,3111,2347,764,68,67,525,587,Leigh Wambsganss,0.21209042418084836,29.227053140096622,70.77294685990339,-41.54589371980676,0.28168656337312675
4067,1352,7,40,93,140,0,3,16,19,159,4067,439,TARRANT,439,2204067,8500,3006,192,2814,17,53,2742,2782,2289,155,2134,10,45,2080,2114,Taylor Rehmet,0.9121756487025948,88.0503144654088,11.949685534591195,76.1006289308176,0.936127744510978
4068,1451,4,29,76,109,0,4,4,8,117,4068,439,TARRANT,439,2204068,8501,3900,199,3701,37,126,3567,3667,2807,171,2636,24,84,2548,2616,Taylor Rehmet,0.9146153846153846,93.16239316239316,6.837606837606838,86.32478632478632,0.948974358974359
4069,1920,8,75,80,163,9,119,112,240,403,4069,439,TARRANT,439,2204069,8502,2438,1783,655,87,127,350,470,1983,1541,442,62,85,232,312,Leigh Wambsganss,0.1435602953240361,40.44665012406948,59.553349875930515,-19.106699751861036,0.2686628383921247
4073,619,6,6,18,30,1,12,12,25,55,4073,439,TARRANT,439,2204073,8504,1241,386,855,25,404,425,821,843,357,486,18,208,263,463,Taylor Rehmet,0.3424657534246575,54.54545454545454,45.45454545454545,9.090909090909086,0.6889605157131345
4077,278,4,31,46,81,1,6,22,29,110,4077,439,TARRANT,439,2204077,8505,339,233,106,1,7,90,96,277,207,70,1,6,57,62,Taylor Rehmet,0.26548672566371684,73.63636363636363,26.36363636363636,47.272727272727266,0.31268436578171094
4086,2512,10,169,172,351,5,124,204,333,684,4086,439,TARRANT,439,2204086,8506,2872,2505,367,39,61,209,266,2400,2121,279,25,35,163,198,Taylor Rehmet,0.07277158774373259,51.31578947368421,48.68421052631579,2.631578947368425,0.12778551532033428
4087,584,1,10,49,60,0,0,3,3,63,4087,439,TARRANT,439,2204087,8507,1503,106,1397,6,34,1358,1383,1087,88,999,4,28,966,990,Taylor Rehmet,0.9035262807717898,95.23809523809523,4.761904761904762,90.47619047619047,0.929474384564205
4091,3071,3,70,93,166,2,118,77,197,363,4091,439,TARRANT,439,2204091,8508,4605,2604,2001,66,92,1699,1767,3540,2188,1352,51,55,1120,1162,Leigh Wambsganss,0.3689467969598263,45.73002754820937,54.269972451790636,-8.539944903581265,0.43452768729641694
4092,1007,4,22,48,74,0,0,3,3,77,4092,439,TARRANT,439,2204092,8509,2798,126,2672,13,44,2617,2650,2029,105,1924,9,31,1886,1910,Taylor Rehmet,0.9353109363831308,96.1038961038961,3.896103896103896,92.20779220779221,0.9549678341672623
4093,2046,7,34,107,148,0,1,8,9,157,4093,439,TARRANT,439,2204093,8510,5273,317,4956,22,122,4816,4896,3667,273,3394,13,75,3296,3347,Taylor Rehmet,0.9133320690309122,94.26751592356688,5.7324840764331215,88.53503184713375,0.939882419874834
4096,1133,3,114,183,300,2,19,43,64,364,4096,439,TARRANT,439,2204096,8511,1420,956,464,62,57,306,361,1143,778,365,48,35,239,273,Taylor Rehmet,0.21549295774647886,82.41758241758241,17.582417582417584,64.83516483516482,0.3267605633802817
4101,1444,5,52,102,159,0,14,28,42,201,4101,439,TARRANT,439,2204101,8513,3357,640,2717,353,86,2242,2325,2422,527,1895,296,52,1510,1560,Taylor Rehmet,0.6678582067322014,79.1044776119403,20.8955223880597,58.208955223880594,0.8093535895144475
4102,1254,1,23,36,60,0,6,28,34,94,4102,439,TARRANT,439,2204102,8514,3520,902,2618,215,105,2254,2338,2432,746,1686,151,56,1418,1471,Taylor Rehmet,0.6403409090909091,63.829787234042556,36.17021276595745,27.659574468085104,0.74375
4110,996,7,28,110,145,0,1,12,13,158,4110,439,TARRANT,439,2204110,8516,2063,200,1863,15,23,1837,1850,1525,166,1359,8,17,1337,1348,Taylor Rehmet,0.8904507998061076,91.77215189873418,8.227848101265822,83.54430379746836,0.9030538051381484
4113,404,5,13,14,32,0,18,12,30,62,4113,439,TARRANT,439,2204113,8517,2506,1345,1161,45,365,673,1024,2398,1280,1118,44,348,649,987,Taylor Rehmet,0.2685554668794892,51.61290322580645,48.38709677419355,3.225806451612897,0.4632881085395052
4115,591,1,15,19,35,0,23,61,84,119,4115,439,TARRANT,439,2204115,8518,743,651,92,21,17,39,53,586,531,55,16,8,21,26,Leigh Wambsganss,0.052489905787348586,29.411764705882355,70.58823529411765,-41.1764705882353,0.12382234185733512
4116,2119,10,156,156,322,3,85,124,212,534,4116,439,TARRANT,439,2204116,8519,2603,2106,497,131,59,226,282,2252,1826,426,121,53,184,236,Taylor Rehmet,0.08682289665770265,60.2996254681648,39.70037453183521,20.59925093632959,0.19093353822512485
4121,2618,3,70,122,195,2,44,66,112,307,4121,439,TARRANT,439,2204121,8521,4742,2067,2675,63,115,2434,2520,3595,1788,1807,52,68,1624,1680,Taylor Rehmet,0.513285533530156,63.51791530944625,36.48208469055375,27.035830618892504,0.5641079713201181
4122,2005,7,40,104,151,2,6,14,22,173,4122,439,TARRANT,439,2204122,8522,5837,448,5389,21,145,5196,5311,4006,378,3628,19,87,3493,3569,Taylor Rehmet,0.8901833133458968,87.28323699421965,12.716763005780345,74.5664739884393,0.9232482439609389
4123,2084,1,23,117,141,0,3,10,13,154,4123,439,TARRANT,439,2204123,8523,5406,290,5116,27,86,5013,5079,3798,242,3556,17,61,3477,3525,Taylor Rehmet,0.9273029966703663,91.55844155844156,8.441558441558442,83.11688311688312,0.9463559008509064
4124,1290,1,175,146,322,0,48,42,90,412,4124,439,TARRANT,439,2204124,8524,1389,924,465,58,42,330,367,1179,834,345,44,26,234,258,Taylor Rehmet,0.23758099352051837,78.15533980582524,21.844660194174757,56.31067961165048,0.3347732181425486
4125,691,3,11,19,33,0,7,10,17,50,4125,439,TARRANT,439,2204125,8525,1759,538,1221,12,68,1127,1185,1256,433,823,6,54,739,793,Taylor Rehmet,0.640704945992041,66.0,34.0,32.0,0.694144400227402
4128,3667,1,78,77,156,4,96,69,169,325,4128,439,TARRANT,439,2204128,8526,6407,3465,2942,130,493,2125,2564,4828,2886,1942,94,297,1378,1656,Leigh Wambsganss,0.3316684875916966,48.0,52.0,-4.0,0.4591852661151865
4137,1462,8,84,111,203,0,46,83,129,332,4137,439,TARRANT,439,2204137,8531,1865,1547,318,44,50,189,229,1487,1263,224,26,31,134,164,Taylor Rehmet,0.10134048257372655,61.14457831325302,38.855421686746986,22.289156626506035,0.17050938337801608
4138,1160,1,8,42,51,0,20,17,37,88,4138,439,TARRANT,439,2204138,8532,2734,773,1961,25,51,1850,1887,1943,661,1282,16,27,1206,1226,Taylor Rehmet,0.6766642282370153,57.95454545454546,42.04545454545455,15.909090909090914,0.7172640819312363
4141,3447,3,73,119,195,0,70,85,155,350,4141,439,TARRANT,439,2204141,8533,7771,2978,4793,928,1483,2333,3740,6110,2561,3549,722,1116,1633,2703,Taylor Rehmet,0.30021876206408443,55.714285714285715,44.285714285714285,11.42857142857143,0.6167803371509458
4144,1907,3,63,100,166,2,35,105,142,308,4144,439,TARRANT,439,2204144,8534,2585,1514,1071,86,178,725,880,2056,1306,750,64,113,494,603,Taylor Rehmet,0.2804642166344294,53.896103896103895,46.103896103896105,7.79220779220779,0.41431334622823984
4159,2043,0,17,80,97,2,18,55,75,172,4159,439,TARRANT,439,2204159,8536,4182,1255,2927,531,99,2240,2321,3038,1040,1998,438,67,1437,1493,Taylor Rehmet,0.5356288857006217,56.395348837209305,43.604651162790695,12.79069767441861,0.6999043519846964
4162,707,0,22,30,52,3,5,4,12,64,4162,439,TARRANT,439,2204162,8537,1948,310,1638,140,109,1387,1486,1317,252,1065,113,46,903,941,Taylor Rehmet,0.7120123203285421,81.25,18.75,62.5,0.8408624229979466
4178,2940,14,112,154,280,5,103,110,218,498,4178,439,TARRANT,439,2204178,8539,5816,3222,2594,222,955,1318,2237,4733,2828,1905,186,684,963,1624,Taylor Rehmet,0.2266162310866575,56.22489959839358,43.77510040160642,12.449799196787154,0.44601100412654743
4191,1456,1,34,39,74,0,30,45,75,149,4191,439,TARRANT,439,2204191,8542,2453,1136,1317,179,148,953,1077,1839,964,875,142,74,610,682,Leigh Wambsganss,0.38850387280880555,49.664429530201346,50.33557046979866,-0.6711409395973149,0.5368935996738687
4202,1958,3,41,105,149,1,18,27,46,195,4202,439,TARRANT,439,2204202,8545,3950,1169,2781,42,73,2624,2687,2896,1002,1894,32,43,1776,1816,Taylor Rehmet,0.6643037974683544,76.41025641025641,23.589743589743588,52.82051282051282,0.7040506329113924
4204,4081,12,87,129,228,1,95,62,158,386,4204,439,TARRANT,439,2204204,8547,7905,4037,3868,302,834,2476,3251,5993,3310,2683,227,556,1674,2202,Taylor Rehmet,0.3132194813409235,59.067357512953365,40.932642487046635,18.13471502590673,0.48931056293485137
4218,1506,3,19,63,85,0,22,36,58,143,4218,439,TARRANT,439,2204218,8548,3322,913,2409,256,48,2085,2125,2424,806,1618,213,37,1349,1382,Taylor Rehmet,0.627633955448525,59.44055944055944,40.55944055944056,18.88111888111888,0.7251655629139073
4222,1276,3,18,59,80,3,13,18,34,114,4222,439,TARRANT,439,2204222,8549,2420,766,1654,44,99,1479,1560,1760,649,1111,31,57,996,1044,Taylor Rehmet,0.6111570247933884,70.17543859649122,29.82456140350877,40.35087719298245,0.6834710743801653
4231,1649,3,31,117,151,0,5,11,16,167,4231,439,TARRANT,439,2204231,8551,4744,255,4489,47,288,4152,4410,3201,216,2985,20,161,2793,2938,Taylor Rehmet,0.8752107925801011,90.41916167664671,9.580838323353294,80.83832335329342,0.946247892074199
4232,2599,0,75,119,194,1,33,45,79,273,4232,439,TARRANT,439,2204232,8552,3425,1349,2076,301,522,1223,1692,2383,1044,1339,239,319,750,1043,Taylor Rehmet,0.35708029197080293,71.06227106227107,28.93772893772894,42.124542124542124,0.6061313868613138
4234,3434,7,217,218,442,7,138,150,295,737,4234,439,TARRANT,439,2204234,8554,4583,2984,1599,412,358,740,1062,3363,2275,1088,291,236,486,699,Taylor Rehmet,0.16146628845734234,59.972862957937586,40.027137042062414,19.945725915875173,0.3488981016801222
4239,136,0,2,3,5,0,2,3,5,10,4239,439,TARRANT,439,2204239,8555,345,159,186,14,23,149,165,257,124,133,10,9,112,119,Tie,0.4318840579710145,50.0,50.0,0.0,0.5391304347826087
4242,648,2,19,17,38,0,40,26,66,104,4242,439,TARRANT,439,2204242,8556,1017,711,306,30,62,181,241,845,624,221,27,45,119,164,Leigh Wambsganss,0.17797443461160276,36.53846153846153,63.46153846153846,-26.923076923076927,0.3008849557522124
4243,2804,4,98,155,257,1,53,86,140,397,4243,439,TARRANT,439,2204243,8557,3787,1717,2070,84,229,1672,1873,2954,1490,1464,71,158,1146,1292,Taylor Rehmet,0.4415104304198574,64.73551637279597,35.26448362720403,29.47103274559194,0.5466068127805651
4245,198,0,3,6,9,0,0,0,0,9,4245,439,TARRANT,439,2204245A,8558,530,32,498,11,76,416,477,347,25,322,7,47,265,305,Taylor Rehmet,0.7849056603773585,100.0,0.0,100.0,0.939622641509434
4250,2665,11,101,109,221,2,69,47,118,339,4250,439,TARRANT,439,2204250,8560,4015,1718,2297,423,987,837,1774,3057,1495,1562,297,655,544,1187,Taylor Rehmet,0.20846824408468245,65.19174041297934,34.80825958702065,30.383480825958692,0.5721046077210461
4252,1135,5,60,107,172,2,23,37,62,234,4252,439,TARRANT,439,2204252,8561,1622,911,711,37,56,571,622,1311,797,514,26,49,398,446,Taylor Rehmet,0.3520345252774353,73.50427350427351,26.495726495726498,47.00854700854701,0.43834771886559803
4253,964,1,38,34,73,0,7,12,19,92,4253,439,TARRANT,439,2204253,8562,987,675,312,27,74,195,268,935,656,279,26,65,172,236,Taylor Rehmet,0.19756838905775076,79.34782608695652,20.652173913043477,58.69565217391304,0.3161094224924012
4259,1139,3,51,44,98,0,64,69,133,231,4259,439,TARRANT,439,2204259,8564,1416,1165,251,33,30,131,155,1181,1003,178,24,22,77,94,Leigh Wambsganss,0.0925141242937853,42.42424242424242,57.57575757575758,-15.151515151515156,0.1772598870056497
4261,3495,3,130,184,317,3,49,64,116,433,4261,439,TARRANT,439,2204261,8565,5927,2543,3384,674,807,1821,2590,4489,2079,2410,523,534,1273,1778,Taylor Rehmet,0.30723806310106294,73.21016166281755,26.78983833718245,46.42032332563511,0.5709465159439852
4272,626,1,14,21,36,1,35,24,60,96,4272,439,TARRANT,439,2204272,8566,969,683,286,62,46,158,197,826,599,227,51,39,110,147,Leigh Wambsganss,0.16305469556243551,37.5,62.5,-25.0,0.2951496388028896
4276,2579,2,106,119,227,0,61,61,122,349,4276,439,TARRANT,439,2204276,8567,4066,2175,1891,205,466,1148,1584,2908,1673,1235,142,300,733,1013,Taylor Rehmet,0.2823413674372848,65.0429799426934,34.95702005730659,30.085959885386814,0.46507624200688635
4284,287,2,4,5,11,0,13,17,30,41,4284,439,TARRANT,439,2204284,8568,398,307,91,4,20,51,69,299,243,56,4,13,29,40,Leigh Wambsganss,0.12814070351758794,26.82926829268293,73.17073170731707,-46.34146341463415,0.228643216080402
4285,1228,0,8,31,39,2,7,7,16,55,4285,439,TARRANT,439,2204285,8569,3260,1213,2047,96,879,1053,1886,2292,992,1300,74,531,661,1176,Taylor Rehmet,0.3230061349693252,70.9090909090909,29.09090909090909,41.81818181818181,0.6279141104294479
4290,2631,0,56,118,174,0,36,88,124,298,4290,439,TARRANT,439,2204290,8571,5109,2211,2898,215,213,2404,2580,3759,1820,1939,158,120,1590,1697,Taylor Rehmet,0.47054218046584456,58.38926174496645,41.61073825503356,16.778523489932887,0.5672342924251321
4312,137,0,7,12,19,0,5,5,10,29,4312,439,TARRANT,439,2204312,8572,237,85,152,0,12,132,144,190,74,116,0,10,100,110,Taylor Rehmet,0.5569620253164557,65.51724137931035,34.48275862068966,31.03448275862069,0.6413502109704642
4328,1672,2,38,59,99,0,17,41,58,157,4328,439,TARRANT,439,2204328,8573,4316,1540,2776,210,326,2136,2445,3200,1304,1896,165,243,1411,1642,Taylor Rehmet,0.494902687673772,63.05732484076433,36.94267515923567,26.11464968152866,0.6431881371640408
4338,3146,3,114,113,230,0,87,72,159,389,4338,439,TARRANT,439,2204338,8574,4741,2173,2568,406,644,1424,2023,3398,1663,1735,283,435,943,1361,Taylor Rehmet,0.3003585741404767,59.12596401028277,40.87403598971722,18.25192802056555,0.5416578780847923
4340,2665,6,73,80,159,1,89,70,160,319,4340,439,TARRANT,439,2204340,8575,3716,3011,705,41,62,481,530,2962,2465,497,28,35,325,355,Leigh Wambsganss,0.12944025834230355,49.843260188087775,50.15673981191222,-0.31347962382444194,0.18972012917115177
4344,1452,4,97,95,196,5,76,85,166,362,4344,439,TARRANT,439,2204344,8578,1770,1454,316,57,55,178,226,1522,1286,236,49,50,122,166,Taylor Rehmet,0.10056497175141244,54.14364640883977,45.85635359116022,8.28729281767955,0.17853107344632768
4350,1527,12,141,173,326,0,30,51,81,407,4350,439,TARRANT,439,2204350,8579,1896,1402,494,77,78,295,371,1607,1227,380,57,57,226,283,Taylor Rehmet,0.15559071729957805,80.0982800982801,19.901719901719904,60.1965601965602,0.26054852320675104
4362,9,0,0,0,0,0,0,0,0,0,4362,439,TARRANT,439,2204362,8580,17,7,10,3,0,7,7,11,5,6,0,0,6,6,Tie,0.4117647058823529,0,0,0,0.5882352941176471
4369,4369,15,182,174,371,14,129,149,292,663,4369,439,TARRANT,439,2204369,8581,5684,3642,2042,300,414,1226,1594,4209,2833,1376,210,298,775,1047,Taylor Rehmet,0.21569317382125264,55.957767722473605,44.042232277526395,11.91553544494721,0.35925404644616465
4370,0,0,0,0,0,0,0,0,0,0,4370,439,TARRANT,439,2204370,8582,0,0,0,0,0,0,0,0,0,0,0,0,0,0,Tie,,0,0,0,
4371,2957,1,81,60,142,6,154,219,379,521,4371,439,TARRANT,439,2204371,8583,3321,2624,697,122,85,362,438,2582,2111,471,90,43,238,277,Leigh Wambsganss,0.10900331225534478,27.2552783109405,72.7447216890595,-45.489443378119006,0.20987654320987653
4373,250,0,9,2,11,0,7,8,15,26,4373,439,TARRANT,439,2204373,8584,411,294,117,9,1,83,84,336,257,79,8,0,51,51,Leigh Wambsganss,0.20194647201946472,42.30769230769231,57.692307692307686,-15.38461538461538,0.2846715328467153
4374,2334,12,130,83,225,0,51,65,116,341,4374,439,TARRANT,439,2204374,8585,3524,1854,1670,353,357,925,1248,2667,1482,1185,280,212,641,840,Taylor Rehmet,0.2624858115777526,65.98240469208211,34.01759530791789,31.964809384164226,0.4738933030646992
4375,3575,3,120,146,269,5,124,187,316,585,4375,439,TARRANT,439,2204375,8586,4418,2999,1419,205,369,735,1080,3388,2412,976,143,252,491,739,Leigh Wambsganss,0.16636487098234495,45.98290598290598,54.01709401709402,-8.034188034188034,0.32118605703938435
4395,821,0,21,13,34,0,34,32,66,100,4395,439,TARRANT,439,2204395,8587,1240,997,243,18,27,147,170,977,806,171,14,19,104,119,Leigh Wambsganss,0.11854838709677419,34.0,66.0,-32.0,0.19596774193548386
4397,427,2,17,27,46,0,14,7,21,67,4397,439,TARRANT,439,2204397,8588,833,340,493,8,23,445,463,647,316,331,8,18,284,301,Taylor Rehmet,0.5342136854741897,68.65671641791045,31.343283582089555,37.31343283582089,0.5918367346938775
4399,154,0,9,9,18,0,6,12,18,36,4399,439,TARRANT,439,2204399,8589,343,248,95,16,21,51,72,290,216,74,11,15,44,59,Tie,0.14868804664723032,50.0,50.0,0.0,0.27696793002915454
4400,380,0,4,18,22,0,6,8,14,36,4400,439,TARRANT,439,2204400,8590,873,376,497,8,25,453,473,671,333,338,4,16,306,319,Taylor Rehmet,0.5189003436426117,61.111111111111114,38.88888888888889,22.22222222222222,0.5693012600229095
4410,3709,8,114,149,271,0,91,93,184,455,4410,439,TARRANT,439,2204410,8591,5506,2180,3326,776,1080,1387,2424,4363,1879,2484,623,790,980,1752,Taylor Rehmet,0.25190701053396297,59.56043956043956,40.43956043956044,19.120879120879124,0.6040682891391209
4429,4074,0,113,147,260,3,68,81,152,412,4429,439,TARRANT,439,2204429,8592,4290,2171,2119,245,763,1085,1785,2837,1524,1313,167,480,629,1088,Taylor Rehmet,0.2529137529137529,63.10679611650486,36.89320388349515,26.213592233009713,0.49393939393939396
4452,4253,0,174,211,385,2,76,109,187,572,4452,439,TARRANT,439,2204452,8594,6659,2298,4361,1832,925,1564,2422,4553,1689,2864,1252,518,1044,1535,Taylor Rehmet,0.23487010061570807,67.3076923076923,32.69230769230769,34.61538461538461,0.6549031386094009
4454,4147,4,116,121,241,0,102,107,209,450,4454,439,TARRANT,439,2204454,8595,4941,2657,2284,160,472,1587,2011,3593,2085,1508,105,301,1047,1319,Taylor Rehmet,0.3211900425015179,53.55555555555556,46.44444444444444,7.111111111111114,0.46225460433110704
4456,1101,4,79,81,164,4,41,45,90,254,4456,439,TARRANT,439,2204456,8596,1467,1139,328,41,84,165,247,1178,938,240,29,54,120,173,Taylor Rehmet,0.11247443762781185,64.56692913385827,35.43307086614173,29.133858267716533,0.22358554873892297
4458,14,0,0,1,1,0,0,0,0,1,4458,439,TARRANT,439,2204458,8597,0,0,0,0,0,0,0,0,0,0,0,0,0,0,Taylor Rehmet,,100.0,0.0,100.0,
4475,46,0,14,3,17,0,0,1,1,18,4475,439,TARRANT,439,2204475,8598,79,50,29,4,6,21,25,57,42,15,4,1,10,11,Taylor Rehmet,0.26582278481012656,94.44444444444444,5.555555555555555,88.88888888888889,0.3670886075949367
4478,0,0,0,0,0,0,0,0,0,0,4478,439,TARRANT,439,2204478,8599,0,0,0,0,0,0,0,0,0,0,0,0,0,0,Tie,,0,0,0,
4480,1255,0,57,51,108,2,54,57,113,221,4480,439,TARRANT,439,2204480,8600,1366,1087,279,59,44,162,205,961,766,195,48,31,100,131,Leigh Wambsganss,0.11859443631039532,48.86877828054298,51.13122171945701,-2.262443438914026,0.2042459736456808
4483,54,0,2,2,4,0,0,0,0,4,4483,439,TARRANT,439,2204483,8601,138,23,115,4,2,110,111,110,20,90,3,1,85,86,Taylor Rehmet,0.7971014492753623,100.0,0.0,100.0,0.8333333333333334
4485,502,0,4,19,23,0,3,9,12,35,4485,439,TARRANT,439,2204485,8602,1686,276,1410,57,23,1304,1324,1125,240,885,37,15,809,824,Taylor Rehmet,0.7734282325029656,65.71428571428571,34.285714285714285,31.428571428571423,0.8362989323843416
4487,0,0,0,0,0,0,0,0,0,0,4487,439,TARRANT,439,2204487,8603,0,0,0,0,0,0,0,0,0,0,0,0,0,0,Tie,,0,0,0,
4492,1247,2,39,66,107,0,16,14,30,137,4492,439,TARRANT,439,2204492,8604,2421,1593,828,111,328,369,673,2271,1540,731,98,287,328,593,Taylor Rehmet,0.1524163568773234,78.1021897810219,21.897810218978105,56.2043795620438,0.3420074349442379
4493,2422,6,111,132,249,9,13,32,54,303,4493,439,TARRANT,439,2204493,8605,2976,2080,896,228,167,429,585,2813,2009,804,206,141,385,520,Taylor Rehmet,0.14415322580645162,82.17821782178217,17.82178217821782,64.35643564356435,0.3010752688172043
4494,204,0,6,6,12,0,0,3,3,15,4494,439,TARRANT,439,2204494,8606,238,115,123,3,69,49,115,219,115,104,3,65,33,98,Taylor Rehmet,0.20588235294117646,80.0,20.0,60.0,0.5168067226890757
4496,663,2,17,20,39,4,3,3,10,49,4496,439,TARRANT,439,2204496,8608,1448,459,989,85,434,442,864,1173,431,742,80,297,340,629,Taylor Rehmet,0.3052486187845304,79.59183673469387,20.408163265306122,59.18367346938775,0.6830110497237569
4499,1577,4,53,50,107,0,17,35,52,159,4499,439,TARRANT,439,2204499,8611,2998,969,2029,264,382,1351,1691,2164,758,1406,192,266,907,1158,Taylor Rehmet,0.4506337558372248,67.29559748427673,32.70440251572327,34.59119496855346,0.6767845230153435
4503,1108,0,35,72,107,0,10,12,22,129,4503,439,TARRANT,439,2204503,8612,2626,478,2148,54,70,1996,2060,1895,407,1488,43,58,1364,1419,Taylor Rehmet,0.7600913937547601,82.94573643410853,17.05426356589147,65.89147286821705,0.817974105102818
4508,4378,9,200,171,380,8,122,90,220,600,4508,439,TARRANT,439,2204508,8613,7370,3305,4065,900,1130,1876,2929,5523,2728,2795,636,739,1257,1963,Taylor Rehmet,0.2545454545454545,63.33333333333333,36.666666666666664,26.666666666666664,0.5515603799185889
4512,0,0,0,0,0,0,0,0,0,0,4512,439,TARRANT,439,2204512,8614,0,0,0,0,0,0,0,0,0,0,0,0,0,0,Tie,,0,0,0,
4528,3940,8,199,181,388,2,125,93,220,608,4528,439,TARRANT,439,2204528,8615,6015,3202,2813,761,556,1335,1854,4440,2512,1928,576,371,850,1198,Taylor Rehmet,0.22194513715710723,63.81578947368421,36.18421052631579,27.631578947368425,0.46766417290108064
4531,3110,4,138,124,266,3,113,112,228,494,4531,439,TARRANT,439,2204531,8616,4676,2748,1928,117,254,1401,1645,3551,2227,1324,78,165,955,1114,Taylor Rehmet,0.29961505560307955,53.84615384615385,46.15384615384615,7.692307692307693,0.41231822070145424
4532,1279,2,35,32,69,0,78,82,160,229,4532,439,TARRANT,439,2204532,8617,1578,1325,253,36,37,139,167,1321,1139,182,22,22,99,116,Leigh Wambsganss,0.08808618504435994,30.131004366812224,69.86899563318777,-39.737991266375545,0.1603295310519645
4533,1638,2,70,54,126,0,34,60,94,220,4533,439,TARRANT,439,2204533,8618,3497,1189,2308,268,208,1781,1968,2486,986,1500,203,123,1130,1243,Taylor Rehmet,0.5092936802973977,57.27272727272727,42.72727272727273,14.545454545454547,0.6599942808121246
4534,3741,5,104,128,237,2,85,91,178,415,4534,439,TARRANT,439,2204534,8619,5815,3414,2401,193,630,1462,2034,4371,2699,1672,152,432,997,1396,Taylor Rehmet,0.2514187446259673,57.10843373493976,42.89156626506024,14.216867469879517,0.4128976784178848
4540,3366,5,125,156,286,9,78,82,169,455,4540,439,TARRANT,439,2204540,8620,5972,2658,3314,748,896,1648,2479,4456,2140,2316,560,589,1105,1667,Taylor Rehmet,0.27595445411922304,62.857142857142854,37.142857142857146,25.714285714285708,0.5549229738780977
4551,2767,11,74,116,201,5,57,65,127,328,4551,439,TARRANT,439,2204551,8621,4276,2329,1947,187,469,1225,1654,3103,1823,1280,129,298,786,1067,Taylor Rehmet,0.28648269410664173,61.28048780487805,38.71951219512195,22.5609756097561,0.45533208606173997
4563,0,0,0,0,0,0,0,0,0,0,4563,439,TARRANT,439,2204563,8622,0,0,0,0,0,0,0,0,0,0,0,0,0,0,Tie,,0,0,0,
4565,39,0,0,0,0,0,1,1,2,2,4565,439,TARRANT,439,2204565,8623,96,32,64,0,0,60,60,75,26,49,0,0,45,45,Leigh Wambsganss,0.625,0.0,100.0,-100.0,0.6666666666666666
4568,69,0,3,3,6,2,1,2,5,11,4568,439,TARRANT,439,2204568,8624,102,65,37,1,3,27,29,85,56,29,0,2,19,21,Taylor Rehmet,0.2647058823529412,54.54545454545454,45.45454545454545,9.090909090909086,0.3627450980392157
4572,46,0,2,7,9,0,1,1,2,11,4572,439,TARRANT,439,2204572,8625,63,2,61,1,26,34,59,41,2,39,0,15,24,39,Taylor Rehmet,0.5396825396825397,81.81818181818183,18.181818181818183,63.63636363636364,0.9682539682539683
4573,0,0,0,0,0,0,0,0,0,0,4573,439,TARRANT,439,2204573,8626,19,3,16,0,11,3,14,16,3,13,0,8,3,11,Tie,0.15789473684210525,0,0,0,0.8421052631578947
4588,4448,6,205,262,473,9,111,166,286,759,4588,439,TARRANT,439,2204588,8628,6437,3569,2868,821,703,1227,1893,4648,2654,1994,617,466,826,1268,Taylor Rehmet,0.19061674693180053,62.31884057971014,37.68115942028986,24.637681159420282,0.44554916886748486
4591,4039,3,127,190,320,2,85,91,178,498,4591,439,TARRANT,439,2204591,8629,5231,2508,2723,492,775,1404,2096,3600,1793,1807,335,516,896,1375,Taylor Rehmet,0.2683999235327853,64.2570281124498,35.7429718875502,28.514056224899605,0.5205505639457083
4592,0,0,0,0,0,0,0,0,0,0,4592,439,TARRANT,439,2204592,8630,0,0,0,0,0,0,0,0,0,0,0,0,0,0,Tie,,0,0,0,
4593,930,0,5,37,42,1,2,2,5,47,4593,439,TARRANT,439,2204593,8631,1769,394,1375,29,205,1130,1327,1244,336,908,22,154,723,870,Taylor Rehmet,0.6387789711701526,89.36170212765957,10.638297872340425,78.72340425531914,0.7772752967778406
4595,102,0,0,0,0,0,1,2,3,3,4595,439,TARRANT,439,2204595,8632,220,72,148,1,3,142,145,154,54,100,0,3,95,98,Leigh Wambsganss,0.6454545454545455,0.0,100.0,-100.0,0.6727272727272727
4596,159,0,9,9,18,0,1,0,1,19,4596,439,TARRANT,439,2204596,8633,295,32,263,77,3,177,180,211,28,183,65,1,114,115,Taylor Rehmet,0.6,94.73684210526315,5.263157894736842,89.47368421052632,0.8915254237288136
4599,3099,5,106,176,287,6,67,113,186,473,4599,439,TARRANT,439,2204599,8634,4744,2573,2171,505,637,992,1574,3313,1864,1449,334,406,654,1039,Taylor Rehmet,0.209106239460371,60.676532769556026,39.323467230443974,21.353065539112052,0.4576306913996627
4602,0,0,0,0,0,0,0,0,0,0,4602,439,TARRANT,439,2204602,8635,0,0,0,0,0,0,0,0,0,0,0,0,0,0,Tie,,0,0,0,
4604,1,0,0,0,0,0,0,0,0,0,4604,439,TARRANT,439,2204604,8636,22,4,18,2,6,7,13,15,0,15,2,3,7,10,Tie,0.3181818181818182,0,0,0,0.8181818181818182
4615,0,0,0,0,0,0,0,0,0,0,4615,439,TARRANT,439,2204615,8637,0,0,0,0,0,0,0,0,0,0,0,0,0,0,Tie,,0,0,0,
4620,81,0,2,0,2,0,0,0,0,2,4620,439,TARRANT,439,2204620,8638,545,111,434,10,44,370,412,364,85,279,9,32,233,263,Taylor Rehmet,0.6788990825688074,100.0,0.0,100.0,0.7963302752293578
4629,0,0,0,0,0,0,0,0,0,0,4629,439,TARRANT,439,2204629,8639,0,0,0,0,0,0,0,0,0,0,0,0,0,0,Tie,,0,0,0,
4632,0,0,0,0,0,0,0,0,0,0,4632,439,TARRANT,439,2204632,8641,0,0,0,0,0,0,0,0,0,0,0,0,0,0,Tie,,0,0,0,
4634,1266,3,50,75,128,2,17,19,38,166,4634,439,TARRANT,439,2204634,8642,1848,1294,554,193,120,213,331,1801,1269,532,188,110,207,317,Taylor Rehmet,0.11525974025974026,77.10843373493977,22.89156626506024,54.216867469879524,0.29978354978354976
4638,1459,2,63,104,169,1,26,67,94,263,4638,439,TARRANT,439,2204638,8643,876,431,445,83,125,211,323,633,319,314,57,93,138,223,Taylor Rehmet,0.2408675799086758,64.25855513307985,35.741444866920155,28.517110266159698,0.5079908675799086
4640,927,0,28,36,64,0,2,7,9,73,4640,439,TARRANT,439,2204640,8644,1082,518,564,44,97,411,497,962,502,460,43,82,323,396,Taylor Rehmet,0.3798521256931608,87.67123287671232,12.32876712328767,75.34246575342465,0.5212569316081331
4649,3587,5,152,110,267,4,166,117,287,554,4649,439,TARRANT,439,2204649,8645,5479,3077,2402,279,353,1677,1998,4032,2406,1626,200,240,1091,1317,Leigh Wambsganss,0.30607775141449167,48.194945848375454,51.80505415162455,-3.610108303249099,0.438401168096368
4650,4577,6,168,208,382,5,102,140,247,629,4650,439,TARRANT,439,2204650,8646,5584,2561,3023,428,1041,1478,2472,3782,1879,1903,267,638,891,1511,Taylor Rehmet,0.26468481375358166,60.73131955484896,39.268680445151034,21.462639109697925,0.5413681948424068
4666,0,0,0,0,0,0,0,0,0,0,4666,439,TARRANT,439,2204666,8647,0,0,0,0,0,0,0,0,0,0,0,0,0,0,Tie,,0,0,0,
4682,439,1,11,16,28,2,5,1,8,36,4682,439,TARRANT,439,2204682,8648,1009,148,861,43,22,798,819,720,141,579,40,7,532,539,Taylor Rehmet,0.7908820614469773,77.77777777777779,22.22222222222222,55.555555555555564,0.8533201189296333
4683,0,0,0,0,0,0,0,0,0,0,4683,439,TARRANT,439,2204683,8649,0,0,0,0,0,0,0,0,0,0,0,0,0,0,Tie,,0,0,0,
4685,6,0,0,2,2,0,0,0,0,2,4685,439,TARRANT,439,2204685,8650,18,1,17,1,5,13,17,8,1,7,0,2,5,7,Taylor Rehmet,0.7222222222222222,100.0,0.0,100.0,0.9444444444444444
4686,0,0,0,0,0,0,0,0,0,0,4686,439,TARRANT,439,2204686,8651,0,0,0,0,0,0,0,0,0,0,0,0,0,0,Tie,,0,0,0,
4687,260,0,8,9,17,1,0,0,1,18,4687,439,TARRANT,439,2204687,8652,717,147,570,3,11,557,563,514,114,400,2,3,392,394,Taylor Rehmet,0.7768479776847977,94.44444444444444,5.555555555555555,88.88888888888889,0.7949790794979079
4689,173,0,7,5,12,1,3,4,8,20,4689,439,TARRANT,439,2204689,8653,328,103,225,5,5,216,220,247,96,151,5,5,142,146,Taylor Rehmet,0.6585365853658537,60.0,40.0,20.0,0.6859756097560976
4694,4656,3,98,178,279,3,66,72,141,420,4694,439,TARRANT,439,2204694,8654,3817,1829,1988,287,745,954,1660,2564,1306,1258,190,436,618,1033,Taylor Rehmet,0.24993450353680902,66.42857142857143,33.57142857142857,32.85714285714286,0.5208278752947341
4702,1793,2,69,102,173,5,32,58,95,268,4702,439,TARRANT,439,2204702,8655,2724,1449,1275,177,341,725,1043,1836,1002,834,112,206,482,677,Taylor Rehmet,0.26615271659324524,64.55223880597015,35.44776119402985,29.104477611940297,0.46806167400881055
4703,3229,2,85,138,225,0,34,38,72,297,4703,439,TARRANT,439,2204703,8656,5706,2215,3491,378,936,2125,2975,3852,1590,2262,273,561,1365,1891,Taylor Rehmet,0.37241500175254116,75.75757575757575,24.242424242424242,51.51515151515151,0.6118121275849983
4705,3166,5,82,120,207,0,36,55,91,298,4705,439,TARRANT,439,2204705,8657,5354,2134,3220,783,1063,1404,2375,3748,1576,2172,545,700,929,1578,Taylor Rehmet,0.26223384385506165,69.46308724832215,30.536912751677853,38.9261744966443,0.6014194994396713
4707,1923,1,47,86,134,1,14,20,35,169,4707,439,TARRANT,439,2204707,8658,3662,1369,2293,223,561,1482,1999,2402,991,1411,145,326,904,1209,Taylor Rehmet,0.4046968869470235,79.28994082840237,20.710059171597635,58.57988165680473,0.6261605679956308
4711,2521,2,94,95,191,3,85,58,146,337,4711,439,TARRANT,439,2204711,8659,4222,1497,2725,1011,556,1091,1619,3049,1183,1866,738,355,717,1060,Taylor Rehmet,0.2584083372809095,56.676557863501486,43.32344213649852,13.353115727002965,0.6454287067740407
4713,4516,7,118,175,300,5,67,108,180,480,4713,439,TARRANT,439,2204713,8660,5489,2590,2899,195,973,1659,2574,3892,1999,1893,144,615,1059,1645,Taylor Rehmet,0.30224084532701767,62.5,37.5,25.0,0.5281472034979049
4724,1117,0,25,17,42,1,41,53,95,137,4724,439,TARRANT,439,2204724,8661,1567,1202,365,37,41,234,269,1146,896,250,24,23,155,177,Leigh Wambsganss,0.14932992980216975,30.656934306569344,69.34306569343066,-38.68613138686132,0.23292916400765795
4730,4035,5,135,192,332,8,132,169,309,641,4730,439,TARRANT,439,2204730,8662,4445,2517,1928,362,533,963,1465,3221,1902,1319,257,351,651,983,Taylor Rehmet,0.21664791901012373,51.794071762870516,48.205928237129484,3.5881435257410317,0.43374578177727785
4733,2552,3,72,104,179,3,42,59,104,283,4733,439,TARRANT,439,2204733,8663,4554,1795,2759,1100,866,754,1585,2942,1198,1744,735,531,449,963,Taylor Rehmet,0.16556873078612208,63.25088339222616,36.74911660777385,26.501766784452307,0.6058410188844972
4736,2215,1,44,59,104,3,88,98,189,293,4736,439,TARRANT,439,2204736,8664,2695,2167,528,42,70,306,371,1990,1654,336,29,40,185,222,Leigh Wambsganss,0.11354359925788497,35.49488054607509,64.50511945392492,-29.010238907849832,0.19591836734693877
4737,1873,0,66,83,149,2,52,45,99,248,4737,439,TARRANT,439,2204737A,8665,2279,1180,1099,153,328,593,890,1659,934,725,104,208,395,590,Taylor Rehmet,0.2602018429135586,60.08064516129033,39.91935483870967,20.161290322580655,0.48222904782799475
4820,0,0,0,0,0,0,0,0,0,0,4820,439,TARRANT,439,2204820,8667,0,0,0,0,0,0,0,0,0,0,0,0,0,0,Tie,,0,0,0,
4829,3002,2,64,113,179,0,30,51,81,260,4829,439,TARRANT,439,2204829,8668,4479,1421,3058,1029,711,1353,1996,3085,1042,2043,766,413,852,1234,Taylor Rehmet,0.30207635632953783,68.84615384615384,31.153846153846153,37.692307692307686,0.6827416834114758
4830,1728,2,46,57,105,6,60,98,164,269,4830,439,TARRANT,439,2204830,8669,2044,1491,553,62,90,314,400,1417,1076,341,36,61,188,248,Leigh Wambsganss,0.15362035225048923,39.03345724907063,60.966542750929364,-21.933085501858734,0.2705479452054795
4832,1774,0,61,76,137,0,27,26,53,190,4832,439,TARRANT,439,2204832,8670,1144,562,582,48,149,344,487,784,399,385,37,99,209,305,Taylor Rehmet,0.3006993006993007,72.10526315789474,27.89473684210526,44.21052631578948,0.5087412587412588
4833,2116,2,78,114,194,1,100,108,209,403,4833,439,TARRANT,439,2204833,8671,2026,1430,596,81,158,293,444,1524,1115,409,56,105,197,301,Leigh Wambsganss,0.14461994076999013,48.13895781637717,51.86104218362283,-3.7220843672456567,0.29417571569595263
4836,3126,10,76,123,209,4,67,56,127,336,4836,439,TARRANT,439,2204836,8672,5598,2042,3556,787,1187,1550,2668,4070,1694,2376,566,723,1022,1719,Taylor Rehmet,0.2768846016434441,62.202380952380956,37.797619047619044,24.404761904761912,0.6352268667381208
4844,1820,2,40,73,115,0,29,44,73,188,4844,439,TARRANT,439,2204844,8673,2952,1241,1711,157,605,895,1464,1986,926,1060,102,356,554,896,Taylor Rehmet,0.3031842818428184,61.170212765957444,38.82978723404255,22.340425531914896,0.5796070460704607
4846,1720,3,49,39,91,2,16,33,51,142,4846,439,TARRANT,439,2204846A,8674,3462,1651,1811,233,721,802,1467,2885,1467,1418,202,552,597,1125,Taylor Rehmet,0.2316580011554015,64.08450704225352,35.91549295774648,28.16901408450704,0.523108030040439
4849,3336,1,83,137,221,0,39,81,120,341,4849,439,TARRANT,439,2204849,8676,4780,2444,2336,324,895,1025,1869,3085,1674,1411,207,522,607,1105,Taylor Rehmet,0.21443514644351463,64.80938416422288,35.19061583577713,29.618768328445746,0.4887029288702929
