Precinct,Burud_Pct,Rehmet_Pct,Dem_Vote_Change,Hancock_Pct,Wambsganss_Pct,Margin_2022,Margin_2026,Margin_Shift,hisp,nanglo,total,pct_hisp,pct_nonwhite,Shift_Direction,Shift_Code
1001,50.74309978768577,69.20415224913495,18.461052461449178,49.25690021231423,30.79584775086505,1.4861995753715433,38.4083044982699,36.922104922898356,341,873,2240,0.15223214285714284,0.38973214285714286,Shift to Democrats,1
1005,94.65648854961832,96.15384615384616,1.4973576042278438,5.343511450381679,3.8461538461538463,89.31297709923663,92.30769230769232,2.9947152084556876,595,1406,1471,0.4044867437117607,0.95581237253569,Shift to Democrats,1
1008,84.76190476190476,86.04651162790698,1.2846068660022212,15.238095238095239,13.953488372093023,69.52380952380952,72.09302325581396,2.5692137320044424,356,549,589,0.6044142614601019,0.9320882852292021,Shift to Democrats,1
1010,69.6078431372549,91.30434782608695,21.69650468883205,30.392156862745097,8.695652173913043,39.21568627450981,82.6086956521739,43.3930093776641,704,1153,1424,0.4943820224719101,0.8096910112359551,Shift to Democrats,1
1011,86.74698795180723,93.05555555555556,6.30856760374833,13.253012048192772,6.944444444444445,73.49397590361446,86.11111111111111,12.61713520749666,2422,2964,3175,0.7628346456692914,0.9335433070866141,Shift to Democrats,1
1015,64.0495867768595,88.81987577639751,24.77028899953801,35.9504132231405,11.180124223602485,28.099173553718998,77.63975155279502,49.54057799907602,1173,1378,2077,0.5647568608570053,0.6634569090033703,Shift to Democrats,1
1019,62.87128712871287,90.47619047619048,27.60490334747761,37.12871287128713,9.523809523809524,25.742574257425744,80.95238095238096,55.20980669495522,1669,1897,2162,0.7719703977798335,0.8774283071230342,Shift to Democrats,1
1056,75.72815533980582,83.33333333333334,7.605177993527519,24.271844660194176,16.666666666666664,51.45631067961165,66.66666666666669,15.210355987055038,227,1161,1771,0.1281761716544325,0.655561829474873,Shift to Democrats,1
1059,78.33333333333333,91.93548387096774,13.602150537634415,21.666666666666668,8.064516129032258,56.66666666666666,83.87096774193549,27.20430107526883,676,1397,1572,0.4300254452926209,0.888676844783715,Shift to Democrats,1
1061,80.7017543859649,84.375,3.673245614035096,19.298245614035086,15.625,61.40350877192982,68.75,7.346491228070178,314,579,641,0.48985959438377535,0.9032761310452418,Shift to Democrats,1
1062,66.66666666666666,83.33333333333334,16.666666666666686,33.33333333333333,16.666666666666664,33.33333333333333,66.66666666666669,33.33333333333336,5,6,24,0.20833333333333334,0.25,Shift to Democrats,1
1064,,0,,,0,,0,,0,0,0,,,Shift to Republicans,-1
1066,68.67469879518072,80.8080808080808,12.133382012900086,31.32530120481928,19.19191919191919,37.349397590361434,61.61616161616161,24.266764025800178,1369,1933,2444,0.5601472995090017,0.7909165302782324,Shift to Democrats,1
1075,71.30044843049326,89.65517241379311,18.35472398329985,28.699551569506728,10.344827586206897,42.60089686098654,79.31034482758622,36.70944796659968,2021,2366,2626,0.7696115765422696,0.900990099009901,Shift to Democrats,1
1076,59.09732016925246,79.05236907730672,19.95504890805426,40.90267983074753,20.947630922693268,18.194640338504932,58.10473815461346,39.910097816108525,150,321,1454,0.1031636863823934,0.22077028885832187,Shift to Democrats,1
1082,62.78026905829597,85.39325842696628,22.612989368670313,37.219730941704036,14.606741573033707,25.560538116591935,70.78651685393258,45.22597873734065,1116,1284,1633,0.683404776484997,0.7862829148805879,Shift to Democrats,1
1088,76.92307692307693,82.14285714285714,5.219780219780205,23.076923076923077,17.857142857142858,53.846153846153854,64.28571428571428,10.439560439560424,2973,3483,3747,0.7934347477982386,0.9295436349079264,Shift to Democrats,1
1094,68.76712328767123,85.55133079847909,16.78420751080786,31.232876712328768,14.44866920152091,37.53424657534246,71.10266159695817,33.568415021615714,1185,1837,3103,0.381888495004834,0.5920077344505318,Shift to Democrats,1
1108,54.73887814313346,72.06477732793523,17.32589918480177,45.26112185686654,27.93522267206478,9.477756286266924,44.12955465587045,34.651798369603526,353,618,2676,0.13191330343796712,0.23094170403587444,Shift to Democrats,1
1109,63.82575757575758,83.15789473684211,19.332137161084532,36.17424242424242,16.842105263157894,27.651515151515156,66.31578947368422,38.664274322169064,2431,2769,3437,0.70730288041897,0.8056444573756183,Shift to Democrats,1
1111,25.727069351230426,54.93171471927162,29.20464536804119,74.27293064876957,45.068285280728375,-48.54586129753915,9.863429438543243,58.40929073608239,252,573,2522,0.0999206978588422,0.22720063441712926,Shift to Democrats,1
1146,66.64,81.20950323974083,14.569503239740826,33.36,18.790496760259177,33.28,62.41900647948165,29.13900647948165,905,2648,4050,0.2234567901234568,0.6538271604938272,Shift to Democrats,1
1151,60.108303249097474,70.48192771084338,10.373624461745905,39.891696750902526,29.518072289156628,20.21660649819495,40.96385542168675,20.747248923491803,411,1878,2565,0.16023391812865498,0.7321637426900585,Shift to Democrats,1
1170,64.26931905126243,80.03952569169961,15.77020664043718,35.730680948737565,19.960474308300398,28.538638102524864,60.07905138339921,31.540413280874347,2012,3504,5102,0.39435515484123873,0.6867894943159545,Shift to Democrats,1
1175,55.50098231827112,69.37269372693727,13.871711408666151,44.49901768172888,30.627306273062732,11.00196463654224,38.74538745387454,27.743422817332302,632,2157,3312,0.19082125603864733,0.6512681159420289,Shift to Democrats,1
1197,50.658857979502194,64.90566037735849,14.246802397856293,49.341142020497806,35.094339622641506,1.3177159590043885,29.81132075471698,28.493604795712592,477,1431,2924,0.1631326949384405,0.4893980848153215,Shift to Democrats,1
1198,51.388888888888886,82.22222222222221,30.83333333333333,48.61111111111111,17.77777777777778,2.7777777777777786,64.44444444444443,61.66666666666665,1073,1212,1507,0.7120106171201062,0.8042468480424685,Shift to Democrats,1
1199,41.81818181818181,48.148148148148145,6.329966329966332,58.18181818181818,51.85185185185185,-16.363636363636367,-3.7037037037037024,12.659932659932664,55,136,424,0.12971698113207547,0.32075471698113206,Shift to Democrats,1
1206,33.76068376068376,53.70786516853933,19.947181407855567,66.23931623931624,46.29213483146067,-32.47863247863248,7.4157303370786565,39.89436281571113,691,1021,3937,0.17551435102870205,0.25933451866903734,Shift to Democrats,1
1208,28.676470588235293,46.15384615384615,17.47737556561086,71.32352941176471,53.84615384615385,-42.64705882352942,-7.692307692307693,34.95475113122173,280,611,2649,0.10570026425066063,0.23065307663269158,Shift to Democrats,1
1227,69.23076923076923,79.45205479452055,10.221285563751323,30.76923076923077,20.54794520547945,38.46153846153845,58.9041095890411,20.442571127502646,608,2558,3169,0.19185863048280213,0.8071946986431051,Shift to Democrats,1
1236,61.06194690265486,78.69822485207101,17.636277949416147,38.93805309734513,21.301775147928996,22.123893805309727,57.396449704142015,35.27255589883229,343,512,1075,0.31906976744186044,0.4762790697674419,Shift to Democrats,1
1277,54.33376455368693,67.94117647058823,13.607411916901299,45.66623544631307,32.05882352941177,8.667529107373866,35.882352941176464,27.214823833802598,301,951,1943,0.15491507977354607,0.4894493051981472,Shift to Democrats,1
1337,34.66013472137171,53.61552028218695,18.955385560815238,65.3398652786283,46.38447971781305,-30.679730557256583,7.231040564373899,37.91077112163048,415,749,3264,0.12714460784313725,0.22947303921568626,Shift to Democrats,1
1376,37.5,0.0,-37.5,62.5,100.0,-25.0,-100.0,-75.0,767,2337,4116,0.18634596695821184,0.5677842565597667,Shift to Republicans,-1
1408,67.74193548387096,87.5,19.75806451612904,32.25806451612903,12.5,35.48387096774193,75.0,39.51612903225807,204,244,372,0.5483870967741935,0.6559139784946236,Shift to Democrats,1
1415,72.36842105263158,81.73913043478261,9.370709382151034,27.631578947368425,18.26086956521739,44.73684210526315,63.47826086956522,18.741418764302068,2735,4475,5020,0.5448207171314741,0.8914342629482072,Shift to Democrats,1
1416,58.51063829787234,67.27272727272727,8.762088974854926,41.48936170212766,32.72727272727273,17.02127659574468,34.54545454545454,17.52417794970986,91,111,228,0.3991228070175439,0.4868421052631579,Shift to Democrats,1
1420,,0,,,0,,0,,0,0,0,,,Shift to Republicans,-1
1430,66.66666666666666,100.0,33.33333333333334,33.33333333333333,0.0,33.33333333333333,100.0,66.66666666666667,14,24,28,0.5,0.8571428571428571,Shift to Democrats,1
1434,,0,,,0,,0,,0,0,0,,,Shift to Republicans,-1
1437,48.739495798319325,64.94845360824742,16.208957809928094,51.26050420168067,35.051546391752574,-2.5210084033613427,29.896907216494846,32.41791561985619,343,575,975,0.3517948717948718,0.5897435897435898,Shift to Democrats,1
1455,0.0,0,0.0,100.0,0,-100.0,0,100.0,0,0,0,,,No Change,0
1457,100.0,0,-100.0,0.0,0,100.0,0,-100.0,0,0,0,,,Shift to Republicans,-1
1460,73.71303395399781,80.45454545454545,6.741511500547645,26.286966046002192,19.545454545454547,47.426067907995616,60.90909090909091,13.48302300109529,1531,6431,7568,0.20229915433403806,0.849762156448203,Shift to Democrats,1
1473,64.07766990291263,82.14285714285714,18.065187239944507,35.92233009708738,17.857142857142858,28.15533980582525,64.28571428571428,36.13037447988903,293,309,382,0.7670157068062827,0.8089005235602095,Shift to Democrats,1
1476,55.00000000000001,100.0,44.99999999999999,45.0,0.0,10.000000000000007,100.0,90.0,282,299,360,0.7833333333333333,0.8305555555555556,Shift to Democrats,1
1479,71.7948717948718,85.71428571428571,13.919413919413913,28.205128205128204,14.285714285714285,43.58974358974359,71.42857142857142,27.838827838827825,341,438,507,0.6725838264299803,0.863905325443787,Shift to Democrats,1
1490,65.47085201793722,68.57142857142857,3.1005765534913508,34.52914798206278,31.428571428571427,30.941704035874437,37.14285714285714,6.2011531069827015,168,1008,1377,0.12200435729847495,0.7320261437908496,Shift to Democrats,1
1491,100.0,0,-100.0,0.0,0,100.0,0,-100.0,9,12,20,0.45,0.6,Shift to Republicans,-1
1544,100.0,0,-100.0,0.0,0,100.0,0,-100.0,20,21,26,0.7692307692307693,0.8076923076923077,Shift to Republicans,-1
1547,,0,,,0,,0,,0,0,0,,,Shift to Republicans,-1
1549,,0,,,0,,0,,0,0,0,,,Shift to Republicans,-1
1550,100.0,100.0,0.0,0.0,0.0,100.0,100.0,0.0,47,70,73,0.6438356164383562,0.958904109589041,No Change,0
1586,50.0,0,-50.0,50.0,0,0.0,0,0.0,8,32,32,0.25,1.0,Shift to Republicans,-1
1589,58.51063829787234,78.125,19.61436170212766,41.48936170212766,21.875,17.02127659574468,56.25,39.22872340425532,53,208,377,0.14058355437665782,0.5517241379310345,Shift to Democrats,1
1607,,0,,,0,,0,,0,0,0,,,Shift to Republicans,-1
1608,61.839863713798984,77.77777777777779,15.937914063978802,38.16013628620102,22.22222222222222,23.67972742759796,55.555555555555564,31.875828127957604,238,314,1158,0.20552677029360966,0.2711571675302245,Shift to Democrats,1
1610,44.44444444444444,62.5,18.055555555555557,55.55555555555556,37.5,-11.111111111111114,25.0,36.111111111111114,26,40,74,0.35135135135135137,0.5405405405405406,Shift to Democrats,1
1611,57.14285714285714,50.0,-7.142857142857139,42.857142857142854,50.0,14.285714285714285,0.0,-14.285714285714285,27,27,36,0.75,0.75,Shift to Republicans,-1
1617,52.63157894736842,71.42857142857143,18.796992481203013,47.368421052631575,28.57142857142857,5.2631578947368425,42.85714285714286,37.59398496240602,48,60,88,0.5454545454545454,0.6818181818181818,Shift to Democrats,1
1622,32.0,100.0,68.0,68.0,0.0,-36.0,100.0,136.0,22,40,62,0.3548387096774194,0.6451612903225806,Shift to Democrats,1
1623,,0,,,0,,0,,0,0,0,,,Shift to Republicans,-1
1625,,0,,,0,,0,,0,0,0,,,Shift to Republicans,-1
1633,50.0,66.66666666666666,16.666666666666657,50.0,33.33333333333333,0.0,33.33333333333333,33.33333333333333,41,44,75,0.5466666666666666,0.5866666666666667,Shift to Democrats,1
1672,,0,,,0,,0,,0,0,0,,,Shift to Republicans,-1
1674,,0,,,0,,0,,0,0,0,,,Shift to Republicans,-1
1677,73.33333333333333,97.22222222222221,23.888888888888886,26.666666666666668,2.7777777777777777,46.66666666666666,94.44444444444444,47.777777777777786,67,108,347,0.1930835734870317,0.3112391930835735,Shift to Democrats,1
1678,100.0,100.0,0.0,0.0,0.0,100.0,100.0,0.0,49,63,76,0.6447368421052632,0.8289473684210527,No Change,0
1679,,0,,,0,,0,,0,0,0,,,Shift to Republicans,-1
1684,54.44444444444444,82.0754716981132,27.631027253668762,45.55555555555556,17.92452830188679,8.888888888888886,64.15094339622641,55.262054507337524,189,222,633,0.2985781990521327,0.35071090047393366,Shift to Democrats,1
1701,52.49569707401033,77.58620689655173,25.0905098225414,47.50430292598967,22.413793103448278,4.99139414802066,55.17241379310345,50.18101964508279,379,1107,2077,0.18247472315840155,0.5329802599903707,Shift to Democrats,1
1714,68.95034569453175,78.93772893772893,9.987383243197186,31.04965430546826,21.062271062271062,37.90069138906349,57.87545787545787,19.97476648639438,1803,5019,6552,0.2751831501831502,0.7660256410256411,Shift to Democrats,1
1719,35.429638854296385,49.80544747081712,14.375808616520736,64.57036114570361,50.19455252918288,-29.14072229140723,-0.3891050583657574,28.751617233041472,536,1086,3917,0.13683941792187898,0.2772529997447026,Shift to Democrats,1
1722,56.540084388185655,69.23076923076923,12.690684842583572,43.459915611814345,30.76923076923077,13.080168776371309,38.46153846153845,25.381369685167144,160,380,626,0.25559105431309903,0.6070287539936102,Shift to Democrats,1
2026,45.412844036697244,64.28571428571429,18.872870249017048,54.58715596330275,35.714285714285715,-9.174311926605505,28.571428571428577,37.74574049803408,828,1209,3059,0.2706766917293233,0.39522719843085974,Shift to Democrats,1
2052,57.7449947312961,63.40579710144928,5.660802370153178,42.2550052687039,36.594202898550726,15.489989462592206,26.811594202898554,11.321604740306348,1256,5007,7856,0.159877800407332,0.637347250509165,Shift to Democrats,1
2058,85.71428571428571,100.0,14.285714285714292,14.285714285714285,0.0,71.42857142857142,100.0,28.571428571428584,17,28,62,0.27419354838709675,0.45161290322580644,Shift to Democrats,1
2148,68.93081761006289,75.0,6.069182389937112,31.069182389937104,25.0,37.861635220125784,50.0,12.138364779874216,5416,7444,8712,0.6216712580348944,0.8544536271808999,Shift to Democrats,1
2161,71.14337568058076,70.73170731707317,-0.4116683635075873,28.85662431941924,29.268292682926827,42.28675136116152,41.463414634146346,-0.8233367270151746,863,2994,4733,0.18233678428058314,0.6325797591379675,Shift to Republicans,-1
2190,47.368421052631575,47.5,0.1315789473684248,52.63157894736842,52.5,-5.2631578947368425,-5.0,0.2631578947368425,314,402,613,0.5122349102773246,0.6557911908646004,Shift to Democrats,1
2228,40.67340067340067,57.46691871455577,16.793518041155096,59.32659932659933,42.53308128544423,-18.653198653198658,14.933837429111534,33.58703608231019,358,860,2895,0.1236614853195164,0.2970639032815199,Shift to Democrats,1
2246,42.93193717277487,57.46268656716418,14.530749394389304,57.06806282722513,42.53731343283582,-14.136125654450254,14.925373134328353,29.061498788778607,174,372,1405,0.12384341637010676,0.26476868327402137,Shift to Democrats,1
2317,44.69200524246396,61.73913043478261,17.047125192318653,55.307994757536036,38.26086956521739,-10.61598951507208,23.47826086956522,34.0942503846373,316,644,1687,0.1873147599288678,0.3817427385892116,Shift to Democrats,1
2655,60.0,65.75342465753424,5.753424657534239,40.0,34.24657534246575,20.0,31.506849315068486,11.506849315068486,764,1560,2343,0.32607767819035427,0.6658130601792573,Shift to Democrats,1
2656,68.57142857142857,63.63636363636363,-4.935064935064936,31.428571428571427,36.36363636363637,37.14285714285714,27.272727272727266,-9.870129870129873,182,280,411,0.44282238442822386,0.681265206812652,Shift to Republicans,-1
2657,25.0,100.0,75.0,75.0,0.0,-50.0,100.0,150.0,20,80,102,0.19607843137254902,0.7843137254901961,Shift to Democrats,1
2670,56.36363636363636,73.33333333333333,16.96969696969697,43.63636363636363,26.666666666666668,12.727272727272727,46.66666666666666,33.93939393939393,132,203,306,0.43137254901960786,0.6633986928104575,Shift to Democrats,1
2743,100.0,100.0,0.0,0.0,0.0,100.0,100.0,0.0,13,22,30,0.43333333333333335,0.7333333333333333,No Change,0
2744,56.287425149700596,60.526315789473685,4.238890639773089,43.712574850299404,39.473684210526315,12.574850299401191,21.05263157894737,8.477781279546178,411,651,898,0.4576837416481069,0.7249443207126949,Shift to Democrats,1
3032,38.23529411764706,61.40350877192983,23.16821465428277,61.76470588235294,38.59649122807017,-23.529411764705884,22.807017543859658,46.33642930856554,637,965,2230,0.28565022421524666,0.4327354260089686,Shift to Democrats,1
3039,26.618049225159524,35.41666666666667,8.798617441507147,73.38195077484048,64.58333333333334,-46.76390154968095,-29.16666666666667,17.59723488301428,141,472,2355,0.05987261146496815,0.20042462845010617,Shift to Democrats,1
3040,30.69926094371802,48.205128205128204,17.505867261410184,69.30073905628198,51.7948717948718,-38.60147811256397,-3.5897435897435983,35.01173452282037,644,1417,4932,0.1305758313057583,0.2873073803730738,Shift to Democrats,1
3041,43.71108343711084,58.62884160756501,14.91775817045417,56.28891656288917,41.371158392434985,-12.577833125778334,17.257683215130022,29.835516340908356,2309,4193,8156,0.2831044629720451,0.5141000490436488,Shift to Democrats,1
3043,27.545195052331113,46.855345911949684,19.31015085961857,72.45480494766888,53.144654088050316,-44.909609895337766,-6.289308176100633,38.62030171923713,210,300,1351,0.15544041450777202,0.22205773501110287,Shift to Democrats,1
3049,29.181141439205955,43.437077131258455,14.2559356920525,70.81885856079404,56.56292286874154,-41.63771712158808,-13.125845737483083,28.511871384105,447,935,4034,0.11080813088745661,0.23177987109568665,Shift to Democrats,1
3054,36.078998073217726,54.41741357234315,18.338415499125425,63.921001926782274,45.58258642765685,-27.84200385356455,8.834827144686301,36.67683099825085,826,1756,5502,0.15012722646310434,0.31915667030170847,Shift to Democrats,1
3063,31.961471103327494,45.642201834862384,13.68073073153489,68.0385288966725,54.357798165137616,-36.077057793345006,-8.715596330275233,27.361461463069773,360,615,2338,0.15397775876817793,0.2630453378956373,Shift to Democrats,1
3072,26.97947214076246,42.503863987635235,15.524391846872774,73.02052785923753,57.496136012364765,-46.04105571847507,-14.99227202472953,31.04878369374554,276,736,3497,0.07892479267943953,0.21046611381183872,Shift to Democrats,1
3131,33.909287257019436,51.465798045602604,17.556510788583168,66.09071274298056,48.534201954397396,-32.18142548596112,2.9315960912052077,35.11302157716633,752,1252,3106,0.2421120412105602,0.40309079201545395,Shift to Democrats,1
3139,44.61538461538462,57.14285714285714,12.527472527472518,55.38461538461539,42.857142857142854,-10.769230769230766,14.285714285714285,25.05494505494505,869,1420,2756,0.3153120464441219,0.5152394775036284,Shift to Democrats,1
3140,32.64503441494592,52.57142857142857,19.92639415648265,67.35496558505409,47.42857142857143,-34.70993117010817,5.142857142857139,39.85278831296531,567,921,2860,0.19825174825174824,0.322027972027972,Shift to Democrats,1
3152,25.0,40.0,15.0,75.0,60.0,-50.0,-20.0,30.0,11,20,71,0.15492957746478872,0.28169014084507044,Shift to Democrats,1
3156,30.73351903435469,44.32432432432433,13.59080528996964,69.26648096564531,55.67567567567567,-38.53296193129063,-11.35135135135134,27.18161057993929,305,600,2187,0.13946044810242342,0.27434842249657065,Shift to Democrats,1
3157,46.60377358490566,63.862928348909655,17.259154764003995,53.39622641509434,36.13707165109034,-6.7924528301886795,27.725856697819317,34.518309528008,1273,2346,4688,0.2715443686006826,0.5004266211604096,Shift to Democrats,1
3164,37.85425101214575,53.380782918149464,15.526531906003711,62.145748987854255,46.619217081850536,-24.291497975708502,6.761565836298928,31.05306381200743,1139,1622,3752,0.30357142857142855,0.43230277185501065,Shift to Democrats,1
3166,50.270758122743686,62.84722222222222,12.576464099478535,49.72924187725632,37.15277777777778,0.5415162454873652,25.694444444444443,25.152928198957078,2737,4886,7236,0.37824765063571036,0.6752349364289663,Shift to Democrats,1
3172,41.30434782608695,60.0,18.695652173913047,58.69565217391305,40.0,-17.391304347826093,20.0,37.39130434782609,1356,2367,5120,0.26484375,0.4623046875,Shift to Democrats,1
3176,40.83424807903403,62.00345423143351,21.169206152399475,59.16575192096597,37.99654576856649,-18.331503841931934,24.006908462867017,42.33841230479895,1640,3067,6482,0.25300833076211043,0.47315643319962974,Shift to Democrats,1
3177,27.365079365079364,41.95804195804196,14.592962592962596,72.63492063492063,58.04195804195804,-45.269841269841265,-16.08391608391608,29.185925185925186,393,795,3323,0.11826662654228107,0.23924164911224796,Shift to Democrats,1
3185,,0,,,0,,0,,0,0,0,,,Shift to Republicans,-1
3187,37.223587223587224,62.13235294117647,24.908765717589247,62.77641277641277,37.86764705882353,-25.552825552825546,24.264705882352942,49.81753143517849,625,1033,2661,0.23487410747839157,0.3881999248402856,Shift to Democrats,1
3192,25.930680359435172,36.855670103092784,10.924989743657612,74.06931964056483,63.144329896907216,-48.138639281129656,-26.288659793814432,21.849979487315224,165,388,1338,0.12331838565022421,0.28998505231689087,Shift to Democrats,1
3194,40.19417475728155,57.67918088737202,17.48500613009047,59.80582524271845,42.32081911262799,-19.611650485436897,15.358361774744033,34.97001226018093,1425,1976,4272,0.3335674157303371,0.46254681647940077,Shift to Democrats,1
3196,34.11420204978038,51.594746716697934,17.480544666917552,65.88579795021961,48.405253283302066,-31.77159590043923,3.1894934333958673,34.9610893338351,334,654,2739,0.12194231471339904,0.23877327491785322,Shift to Democrats,1
3200,41.95535026943803,57.11252653927813,15.1571762698401,58.04464973056197,42.88747346072187,-16.089299461123943,14.225053078556257,30.3143525396802,611,1528,3877,0.1575960794428682,0.3941191643022956,Shift to Democrats,1
3209,25.753899480069325,40.053763440860216,14.29986396079089,74.24610051993068,59.946236559139784,-48.49220103986136,-19.892473118279568,28.59972792158179,466,1039,5028,0.09268098647573587,0.20664280031821797,Shift to Democrats,1
3212,45.9375,53.898305084745765,7.960805084745765,54.0625,46.101694915254235,-8.125,7.7966101694915295,15.92161016949153,522,1797,3742,0.13949759486905397,0.480224478888295,Shift to Democrats,1
3213,44.01260504201681,66.006600660066,21.99399561804919,55.98739495798319,33.993399339933994,-11.974789915966383,32.013201320132005,43.98799123609839,905,1211,3106,0.2913715389568577,0.38989053444945265,Shift to Democrats,1
3214,37.989556135770236,55.28455284552846,17.294996709758223,62.01044386422977,44.71544715447154,-24.020887728459535,10.569105691056919,34.58999341951645,1025,2217,4911,0.2087151293015679,0.451435552840562,Shift to Democrats,1
3215,30.830324909747294,45.77603143418468,14.945706524437387,69.1696750902527,54.223968565815326,-38.339350180505406,-8.447937131630646,29.89141304887476,417,897,3199,0.13035323538605814,0.2804001250390747,Shift to Democrats,1
3240,40.131578947368425,59.008264462809926,18.8766855154415,59.86842105263158,40.99173553719008,-19.736842105263158,18.016528925619845,37.753371030883,1348,2830,5763,0.23390595176123546,0.49106368211001217,Shift to Democrats,1
3247,50.06501950585176,58.68544600938967,8.620426503537914,49.93498049414825,41.31455399061033,0.1300390117035093,17.370892018779344,17.240853007075835,843,2765,4387,0.1921586505584682,0.6302712559835879,Shift to Democrats,1
3248,30.45141545524101,47.071129707112966,16.619714251871958,69.54858454475898,52.928870292887034,-39.097169089517976,-5.857740585774067,33.23942850374391,457,1135,5125,0.08917073170731707,0.22146341463414634,Shift to Democrats,1
3254,44.26229508196721,59.516616314199396,15.254321232232186,55.73770491803278,40.483383685800604,-11.475409836065573,19.033232628398792,30.508642464464366,899,2020,4203,0.21389483702117534,0.48060908874613373,Shift to Democrats,1
3282,34.994807892004154,56.547619047619044,21.55281115561489,65.00519210799584,43.452380952380956,-30.010384215991685,13.095238095238088,43.10562231122977,412,730,2456,0.16775244299674266,0.2972312703583062,Shift to Democrats,1
3286,18.27338129496403,27.27272727272727,8.999345977763241,81.72661870503597,72.72727272727273,-63.45323741007195,-45.45454545454547,17.998691955526482,69,439,1431,0.04821802935010482,0.30677847658979734,Shift to Democrats,1
3287,37.8988326848249,54.52196382428941,16.623131139464505,62.1011673151751,45.47803617571059,-24.202334630350194,9.043927648578816,33.24626227892901,974,1648,4264,0.22842401500938087,0.38649155722326456,Shift to Democrats,1
3289,31.87869822485207,52.16284987277354,20.284151647921473,68.12130177514793,47.837150127226465,-36.242603550295854,4.325699745547077,40.56830329584293,1694,2525,5269,0.32150313152400833,0.4792180679445815,Shift to Democrats,1
3324,35.34621578099839,58.65384615384615,23.30763037284776,64.65378421900161,41.34615384615385,-29.307568438003216,17.307692307692307,46.61526074569552,872,1551,4070,0.21425061425061426,0.3810810810810811,Shift to Democrats,1
3325,31.26984126984127,44.221105527638194,12.951264257796925,68.73015873015873,55.778894472361806,-37.46031746031747,-11.557788944723612,25.902528515593858,474,707,1763,0.2688598979013046,0.4010209869540556,Shift to Democrats,1
3326,43.54838709677419,69.04761904761905,25.49923195084486,56.451612903225815,30.952380952380953,-12.903225806451623,38.0952380952381,50.998463901689725,399,728,1822,0.21899012074643248,0.3995609220636663,Shift to Democrats,1
3327,38.88888888888889,53.266331658291456,14.377442769402563,61.111111111111114,46.733668341708544,-22.22222222222222,6.532663316582912,28.754885538805134,359,632,2059,0.174356483729966,0.30694511898980087,Shift to Democrats,1
3332,40.64516129032258,71.64948453608247,31.004323245759892,59.354838709677416,28.350515463917525,-18.70967741935484,43.298969072164944,62.008646491519784,1664,3399,6240,0.26666666666666666,0.5447115384615384,Shift to Democrats,1
3333,37.180544105523495,57.38942826321467,20.208884157691173,62.819455894476505,42.61057173678533,-25.63891178895301,14.778856526429337,40.41776831538235,921,2044,6048,0.15228174603174602,0.33796296296296297,Shift to Democrats,1
3334,45.744680851063826,59.15119363395226,13.406512782888434,54.25531914893617,40.84880636604775,-8.51063829787234,18.302387267904514,26.813025565776854,615,1529,3559,0.1728013486934532,0.42961506041022757,Shift to Democrats,1
3359,33.33333333333333,46.875,13.541666666666671,66.66666666666666,53.125,-33.33333333333333,-6.25,27.08333333333333,196,768,2930,0.06689419795221843,0.2621160409556314,Shift to Democrats,1
3363,29.481692819781262,42.142857142857146,12.661164323075884,70.51830718021873,57.85714285714286,-41.03661436043747,-15.714285714285715,25.322328646151753,110,171,858,0.1282051282051282,0.1993006993006993,Shift to Democrats,1
3364,44.857142857142854,53.551912568306015,8.694769711163161,55.14285714285714,46.44808743169399,-10.285714285714285,7.1038251366120235,17.38953942232631,353,939,1954,0.18065506653019447,0.4805527123848516,Shift to Democrats,1
3365,27.619387027797575,42.66426642664267,15.044879398845094,72.38061297220241,57.33573357335734,-44.76122594440484,-14.671467146714669,30.089758797690173,478,1119,5654,0.08454191722674213,0.19791298195967458,Shift to Democrats,1
3367,33.841754051477594,52.90697674418605,19.06522269270846,66.15824594852239,47.093023255813954,-32.3164918970448,5.8139534883721,38.1304453854169,341,636,2421,0.14085088806278398,0.26270136307311026,Shift to Democrats,1
3372,36.224489795918366,62.014134275618375,25.78964447970001,63.775510204081634,37.985865724381625,-27.551020408163268,24.02826855123675,51.57928895940002,1128,2663,6546,0.17231897341888175,0.40681332111212953,Shift to Democrats,1
3386,26.45241038318912,41.01449275362319,14.562082370434066,73.54758961681088,58.98550724637681,-47.095179233621764,-17.971014492753625,29.12416474086814,266,666,3206,0.08296943231441048,0.20773549594510293,Shift to Democrats,1
3387,25.81560283687943,43.16163410301954,17.346031266140105,74.18439716312056,56.838365896980456,-48.36879432624113,-13.676731793960919,34.69206253228021,325,556,2738,0.11869978086194302,0.20306793279766253,Shift to Democrats,1
3392,28.315649867374006,41.2037037037037,12.888053836329696,71.684350132626,58.79629629629629,-43.36870026525199,-17.592592592592588,25.7761076726594,330,699,3062,0.1077726975832789,0.22828216851730895,Shift to Democrats,1
3398,37.40831295843521,51.79282868525896,14.38451572682375,62.59168704156479,48.20717131474104,-25.18337408312958,3.5856573705179215,28.7690314536475,509,898,2566,0.19836321122369446,0.34996102883865937,Shift to Democrats,1
3406,,0,,,0,,0,,0,0,0,,,Shift to Republicans,-1
3409,0.0,0,0.0,100.0,0,-100.0,0,100.0,130,151,201,0.6467661691542289,0.7512437810945274,No Change,0
3417,42.91217257318952,64.0506329113924,21.138460338202876,57.08782742681048,35.949367088607595,-14.175654853620955,28.101265822784804,42.27692067640576,890,2125,4562,0.19508987286277948,0.46580447172292855,Shift to Democrats,1
3422,29.23272035510463,42.097264437689965,12.864544082585336,70.76727964489538,57.90273556231003,-41.53455928979075,-15.805471124620063,25.729088165170687,384,1394,3754,0.10229088971763452,0.37133724027703785,Shift to Democrats,1
3433,31.619537275064268,44.89795918367347,13.278421908609204,68.38046272493573,55.10204081632652,-36.76092544987146,-10.20408163265305,26.556843817218407,83,191,839,0.09892729439809297,0.22765196662693682,Shift to Democrats,1
3447,,0,,,0,,0,,0,0,0,,,Shift to Republicans,-1
3465,42.0773714891362,64.27378964941569,22.196418160279492,57.9226285108638,35.72621035058431,-15.845257021727605,28.54757929883138,44.392836320558985,1513,2913,6551,0.2309571057853763,0.444664936650893,Shift to Democrats,1
3470,38.88888888888889,33.33333333333333,-5.555555555555564,61.111111111111114,66.66666666666666,-22.22222222222222,-33.33333333333333,-11.111111111111107,94,148,267,0.352059925093633,0.5543071161048689,Shift to Republicans,-1
3471,27.823920265780732,44.05737704918033,16.2334567833996,72.17607973421927,55.942622950819676,-44.35215946843854,-11.885245901639344,32.4669135667992,196,468,2303,0.0851063829787234,0.2032132001736865,Shift to Democrats,1
3486,36.64468260511129,60.122699386503065,23.478016781391773,63.35531739488871,39.87730061349693,-26.710634789777416,20.245398773006137,46.95603356278355,1018,2371,6496,0.15671182266009853,0.36499384236453203,Shift to Democrats,1
3500,25.179856115107913,40.0,14.820143884892087,74.82014388489209,60.0,-49.64028776978418,-20.0,29.64028776978418,84,164,688,0.12209302325581395,0.23837209302325582,Shift to Democrats,1
3502,22.24334600760456,36.64459161147903,14.401245603874468,77.75665399239544,63.35540838852097,-55.513307984790885,-26.71081677704194,28.802491207748943,150,321,1948,0.07700205338809035,0.16478439425051336,Shift to Democrats,1
3507,40.456273764258555,60.391198044009776,19.934924279751222,59.543726235741445,39.60880195599022,-19.08745247148289,20.78239608801956,39.86984855950245,1028,1715,4311,0.23845975411737416,0.39781953143122245,Shift to Democrats,1
3509,38.46153846153847,54.179566563467496,15.718028101929029,61.53846153846154,45.82043343653251,-23.076923076923073,8.359133126934985,31.436056203858058,771,1318,3483,0.22136089577950044,0.3784094171691071,Shift to Democrats,1
3517,46.67300380228137,54.340836012861736,7.6678322105803645,53.326996197718636,45.659163987138264,-6.653992395437264,8.681672025723472,15.335664421160736,837,2408,4753,0.1760993057016621,0.5066273932253313,Shift to Democrats,1
3526,30.54892601431981,39.94565217391305,9.396726159593236,69.4510739856802,60.05434782608695,-38.902147971360385,-20.108695652173907,18.79345231918648,109,448,1642,0.06638246041412911,0.2728380024360536,Shift to Democrats,1
3527,33.14028314028314,47.04861111111111,13.908327970827969,66.85971685971685,52.951388888888886,-33.71943371943372,-5.902777777777779,27.816655941655938,486,934,3522,0.13798977853492334,0.26519023282226006,Shift to Democrats,1
3529,32.13644524236984,47.638326585695005,15.501881343325167,67.86355475763017,52.36167341430499,-35.72710951526033,-4.723346828609984,31.003762686650347,259,1522,3891,0.0665638653302493,0.39115908506810587,Shift to Democrats,1
3538,35.61470215462611,46.367112810707454,10.752410656081345,64.38529784537388,53.632887189292546,-28.770595690747776,-7.265774378585093,21.504821312162683,501,1826,5453,0.09187603154227031,0.33486154410416286,Shift to Democrats,1
3545,29.65079365079365,37.735849056603776,8.085055405810127,70.34920634920636,62.264150943396224,-40.69841269841271,-24.52830188679245,16.170110811620262,247,928,3280,0.07530487804878049,0.28292682926829266,Shift to Democrats,1
3552,45.39722572509458,64.36285097192224,18.965625246827663,54.60277427490542,35.63714902807775,-9.205548549810842,28.72570194384449,37.931250493655334,1245,3258,6224,0.20003213367609254,0.5234575835475579,Shift to Democrats,1
3554,27.419354838709676,46.87898089171975,19.459626053010073,72.58064516129032,53.12101910828025,-45.16129032258064,-6.242038216560502,38.91925210602014,355,956,3978,0.08924082453494218,0.24032176973353445,Shift to Democrats,1
3558,28.71956717763751,41.073271413828685,12.353704236191174,71.2804328223625,58.92672858617131,-42.560865644724984,-17.853457172342623,24.70740847238236,332,1211,4618,0.07189259419662192,0.26223473365093114,Shift to Democrats,1
3560,,0,,,0,,0,,0,0,0,,,Shift to Republicans,-1
3567,31.82214472537053,47.151898734177216,15.329754008806685,68.17785527462948,52.84810126582279,-36.355710549258944,-5.696202531645575,30.65950801761337,336,835,2173,0.15462494247583985,0.38426138978370916,Shift to Democrats,1
3570,39.872068230277186,59.452736318407965,19.58066808813078,60.12793176972282,40.547263681592035,-20.255863539445635,18.90547263681593,39.161336176261564,1010,2570,5565,0.18149146451033243,0.4618149146451033,Shift to Democrats,1
3575,,0,,,0,,0,,2,9,12,0.16666666666666666,0.75,Shift to Republicans,-1
3579,25.728155339805824,41.73913043478261,16.010975094976786,74.27184466019418,58.26086956521739,-48.54368932038835,-16.52173913043478,32.02195018995357,102,313,1212,0.08415841584158416,0.25825082508250824,Shift to Democrats,1
3580,,0,,,0,,0,,0,0,0,,,Shift to Republicans,-1
3582,7.142857142857142,0.0,-7.142857142857142,92.85714285714286,100.0,-85.71428571428572,-100.0,-14.285714285714278,32,62,108,0.2962962962962963,0.5740740740740741,Shift to Republicans,-1
3583,,0,,,0,,0,,0,0,0,,,Shift to Republicans,-1
3584,,0,,,0,,0,,0,0,0,,,Shift to Republicans,-1
3585,,0,,,0,,0,,9,23,31,0.2903225806451613,0.7419354838709677,Shift to Republicans,-1
3590,,0,,,0,,0,,0,0,0,,,Shift to Republicans,-1
3624,34.67336683417086,45.94594594594595,11.272579111775094,65.32663316582915,54.054054054054056,-30.653266331658294,-8.108108108108105,22.54515822355019,23,325,568,0.040492957746478875,0.5721830985915493,Shift to Democrats,1
3626,26.104417670682732,40.229885057471265,14.125467386788532,73.89558232931726,59.77011494252874,-47.79116465863453,-19.540229885057478,28.25093477357705,64,203,1031,0.06207565470417071,0.19689621726479145,Shift to Democrats,1
3637,50.04095004095004,72.62247838616715,22.58152834521711,49.95904995904996,27.37752161383285,0.08190008190007347,45.24495677233429,45.16305669043422,928,2378,4461,0.20802510647836808,0.5330643353508182,Shift to Democrats,1
3646,39.32980599647266,60.526315789473685,21.196509793001027,60.670194003527335,39.473684210526315,-21.340388007054678,21.05263157894737,42.39301958600205,1121,2385,6000,0.18683333333333332,0.3975,Shift to Democrats,1
3647,40.96938775510204,62.85310734463276,21.88371958953072,59.03061224489796,37.14689265536723,-18.06122448979592,25.70621468926553,43.76743917906145,997,2745,6657,0.14976716238545892,0.41234790446146913,Shift to Democrats,1
3648,35.311284046692606,56.5406976744186,21.229413627725997,64.6887159533074,43.4593023255814,-29.377431906614788,13.081395348837205,42.45882725545199,1017,2482,6198,0.16408518877057116,0.4004517586318167,Shift to Democrats,1
3653,,0,,,0,,0,,0,0,0,,,Shift to Republicans,-1
3654,,0,,,0,,0,,0,0,0,,,Shift to Republicans,-1
3661,,0,,,0,,0,,0,0,0,,,Shift to Republicans,-1
3664,,0,,,0,,0,,0,0,0,,,Shift to Republicans,-1
3665,10.0,50.0,40.0,90.0,50.0,-80.0,0.0,80.0,8,10,21,0.38095238095238093,0.47619047619047616,Shift to Democrats,1
3667,40.625,58.82352941176471,18.19852941176471,59.375,41.17647058823529,-18.75,17.64705882352942,36.39705882352942,16,76,180,0.08888888888888889,0.4222222222222222,Shift to Democrats,1
3668,30.672268907563026,49.42528735632184,18.753018448758812,69.32773109243698,50.57471264367817,-38.655462184873954,-1.1494252873563298,37.506036897517625,60,142,506,0.11857707509881422,0.28063241106719367,Shift to Democrats,1
3669,50.0,100.0,50.0,50.0,0.0,0.0,100.0,100.0,2,6,11,0.18181818181818182,0.5454545454545454,Shift to Democrats,1
3671,26.199261992619927,42.78846153846153,16.589199545841605,73.80073800738008,57.21153846153846,-47.60147601476015,-14.423076923076927,33.178399091683225,137,268,1251,0.10951239008792965,0.21422861710631494,Shift to Democrats,1
3695,38.059701492537314,64.53382084095064,26.474119348413325,61.940298507462686,35.46617915904936,-23.88059701492537,29.06764168190128,52.94823869682665,644,1452,3963,0.1625031541761292,0.3663890991672975,Shift to Democrats,1
3696,37.745740498034074,56.640625,18.894884501965926,62.254259501965926,43.359375,-24.508519003931852,13.28125,37.78976900393185,1629,3049,7181,0.22684862832474587,0.4245926751148865,Shift to Democrats,1
3698,41.98813056379822,63.25966850828729,21.27153794448907,58.01186943620178,36.74033149171271,-16.023738872403555,26.519337016574582,42.54307588897814,1124,2685,5856,0.1919398907103825,0.45850409836065575,Shift to Democrats,1
3700,37.417530631479735,58.51851851851851,21.100987887038777,62.582469368520265,41.48148148148148,-25.16493873704053,17.03703703703703,42.20197577407756,915,1912,4655,0.19656283566058003,0.41074113856068745,Shift to Democrats,1
3709,39.37823834196891,52.76595744680851,13.387719104839597,60.62176165803109,47.23404255319149,-21.24352331606218,5.531914893617014,26.775438209679194,432,856,2285,0.18905908096280089,0.374617067833698,Shift to Democrats,1
3716,33.23615160349854,51.58562367864693,18.34947207514839,66.76384839650146,48.41437632135307,-33.52769679300292,3.171247357293865,36.69894415029678,375,983,3239,0.11577647422043841,0.30348873108984253,Shift to Democrats,1
3720,20.23731048121292,37.755102040816325,17.517791559603406,79.76268951878708,62.244897959183675,-59.52537903757417,-24.48979591836735,35.03558311920682,221,496,2788,0.07926829268292683,0.17790530846484937,Shift to Democrats,1
3725,36.171761280931584,52.981651376146786,16.809890095215202,63.82823871906841,47.018348623853214,-27.656477438136825,5.963302752293572,33.6197801904304,736,1394,3806,0.19337887545980031,0.36626379400945874,Shift to Democrats,1
3728,33.05084745762712,47.59450171821305,14.543654260585932,66.94915254237289,52.40549828178695,-33.898305084745765,-4.8109965635738945,29.08730852117187,270,1772,3974,0.06794162053346754,0.4458983392048314,Shift to Democrats,1
3729,52.121212121212125,72.72727272727273,20.60606060606061,47.878787878787875,27.27272727272727,4.242424242424249,45.45454545454547,41.21212121212122,1,3,6,0.16666666666666666,0.5,Shift to Democrats,1
3732,22.39685658153242,43.86422976501306,21.46737318348064,77.60314341846758,56.13577023498695,-55.20628683693516,-12.271540469973893,42.93474636696127,458,664,2691,0.17019695280564845,0.24674842066146413,Shift to Democrats,1
3750,,0,,,0,,0,,0,0,0,,,Shift to Republicans,-1
3822,,0,,,0,,0,,0,0,0,,,Shift to Republicans,-1
4006,76.04395604395604,92.37288135593221,16.328925311976164,23.956043956043956,7.627118644067797,52.08791208791209,84.74576271186442,32.65785062395233,348,1032,1877,0.18540223761321256,0.5498135322322856,Shift to Democrats,1
4016,53.04259634888439,78.94736842105263,25.904772072168242,46.95740365111562,21.052631578947366,6.085192697768768,57.89473684210526,51.80954414433649,296,548,2016,0.14682539682539683,0.2718253968253968,Shift to Democrats,1
4017,74.30555555555556,90.34749034749035,16.041934791934793,25.694444444444443,9.652509652509652,48.611111111111114,80.6949806949807,32.083869583869586,6769,8488,9380,0.7216417910447761,0.9049040511727079,Shift to Democrats,1
4018,26.69683257918552,47.76119402985074,21.06436145066522,73.30316742081448,52.23880597014925,-46.60633484162895,-4.477611940298509,42.12872290133044,744,947,2130,0.3492957746478873,0.44460093896713615,Shift to Democrats,1
4020,39.76083707025411,56.34517766497462,16.58434059472051,60.239162929745895,43.65482233502538,-20.478325859491783,12.690355329949242,33.168681189441024,1341,1949,3962,0.33846542150429076,0.49192327107521455,Shift to Democrats,1
4042,36.007827788649706,58.19672131147541,22.1888935228257,63.992172211350294,41.80327868852459,-27.984344422700588,16.393442622950815,44.3777870456514,1817,2428,3466,0.5242354298903635,0.7005193306405078,Shift to Democrats,1
4044,30.589849108367627,58.0246913580247,27.43484224965707,69.41015089163237,41.9753086419753,-38.82030178326474,16.049382716049394,54.86968449931413,1337,2297,4654,0.28727975934679845,0.4935539321014181,Shift to Democrats,1
4045,25.963360707517374,40.0,14.036639292482626,74.03663929248263,60.0,-48.07327858496526,-20.0,28.07327858496526,450,729,3455,0.13024602026049203,0.21099855282199712,Shift to Democrats,1
4046,21.722846441947567,32.72251308900523,10.999666647057666,78.27715355805243,67.27748691099477,-56.554307116104866,-34.554973821989535,21.99933329411533,500,856,4120,0.12135922330097088,0.20776699029126214,Shift to Democrats,1
4047,18.47345132743363,27.705627705627705,9.232176378194076,81.52654867256636,72.2943722943723,-63.053097345132734,-44.58874458874459,18.464352756388145,813,1243,5972,0.13613529805760213,0.20813797722705962,Shift to Democrats,1
4048,74.09326424870466,88.88888888888889,14.79562464018423,25.906735751295333,11.11111111111111,48.18652849740933,77.77777777777777,29.591249280368444,1857,1996,2135,0.8697892271662764,0.9348946135831382,Shift to Democrats,1
4050,80.26315789473685,90.07633587786259,9.81317798312574,19.736842105263158,9.923664122137405,60.52631578947369,80.15267175572518,19.626355966251488,3509,4283,4648,0.7549483648881239,0.9214716006884681,Shift to Democrats,1
4051,0.0,0,0.0,100.0,0,-100.0,0,100.0,13,18,23,0.5652173913043478,0.782608695652174,No Change,0
4053,37.5,58.42696629213483,20.92696629213483,62.5,41.57303370786517,-25.0,16.853932584269657,41.85393258426966,770,991,2223,0.346378767431399,0.44579397210976157,Shift to Democrats,1
4057,55.419222903885476,72.32704402515722,16.907821121271745,44.580777096114524,27.67295597484277,10.838445807770952,44.654088050314456,33.815642242543504,132,308,955,0.1382198952879581,0.3225130890052356,Shift to Democrats,1
4060,73.71601208459214,91.53046062407132,17.814448539479187,26.283987915407852,8.469539375928678,47.43202416918429,83.06092124814265,35.62889707895836,1022,1444,3210,0.318380062305296,0.44984423676012464,Shift to Democrats,1
4065,23.809523809523807,29.227053140096622,5.417529330572815,76.19047619047619,70.77294685990339,-52.38095238095238,-41.54589371980676,10.835058661145617,835,1109,3937,0.21209042418084836,0.28168656337312675,Shift to Democrats,1
4067,73.6470588235294,88.0503144654088,14.403255641879397,26.35294117647059,11.949685534591195,47.29411764705881,76.1006289308176,28.806511283758795,2742,2814,3006,0.9121756487025948,0.936127744510978,Shift to Democrats,1
4068,67.46031746031747,93.16239316239316,25.70207570207569,32.53968253968254,6.837606837606838,34.92063492063493,86.32478632478632,51.404151404151385,3567,3701,3900,0.9146153846153846,0.948974358974359,Shift to Democrats,1
4069,23.809523809523807,40.44665012406948,16.63712631454567,76.19047619047619,59.553349875930515,-52.38095238095238,-19.106699751861036,33.27425262909134,350,655,2438,0.1435602953240361,0.2686628383921247,Shift to Democrats,1
4073,44.09090909090909,54.54545454545454,10.454545454545446,55.90909090909091,45.45454545454545,-11.818181818181813,9.090909090909086,20.9090909090909,425,855,1241,0.3424657534246575,0.6889605157131345,Shift to Democrats,1
4077,62.16216216216216,73.63636363636363,11.474201474201465,37.83783783783784,26.36363636363636,24.324324324324323,47.272727272727266,22.948402948402943,90,106,339,0.26548672566371684,0.31268436578171094,Shift to Democrats,1
4086,31.603229527104958,51.31578947368421,19.712559946579255,68.39677047289504,48.68421052631579,-36.793540945790085,2.631578947368425,39.42511989315851,209,367,2872,0.07277158774373259,0.12778551532033428,Shift to Democrats,1
4087,78.48101265822784,95.23809523809523,16.757082579867387,21.518987341772153,4.761904761904762,56.96202531645569,90.47619047619047,33.51416515973478,1358,1397,1503,0.9035262807717898,0.929474384564205,Shift to Democrats,1
4091,31.759656652360512,45.73002754820937,13.970370895848859,68.24034334763948,54.269972451790636,-36.48068669527897,-8.539944903581265,27.940741791697704,1699,2001,4605,0.3689467969598263,0.43452768729641694,Shift to Democrats,1
4092,77.73584905660378,96.1038961038961,18.368047047292322,22.264150943396228,3.896103896103896,55.47169811320755,92.20779220779221,36.73609409458466,2617,2672,2798,0.9353109363831308,0.9549678341672623,Shift to Democrats,1
4093,75.23992322456814,94.26751592356688,19.02759269899873,24.760076775431862,5.7324840764331215,50.47984644913628,88.53503184713375,38.05518539799747,4816,4956,5273,0.9133320690309122,0.939882419874834,Shift to Democrats,1
4096,70.1470588235294,82.41758241758241,12.270523594053003,29.852941176470587,17.582417582417584,40.29411764705882,64.83516483516482,24.541047188106,306,464,1420,0.21549295774647886,0.3267605633802817,Shift to Democrats,1
4101,56.53923541247485,79.1044776119403,22.565242199465445,43.460764587525155,20.8955223880597,13.078470824949697,58.208955223880594,45.130484398930896,2242,2717,3357,0.6678582067322014,0.8093535895144475,Shift to Democrats,1
4102,50.71633237822349,63.829787234042556,13.113454855819064,49.28366762177651,36.17021276595745,1.4326647564469823,27.659574468085104,26.226909711638122,2254,2618,3520,0.6403409090909091,0.74375,Shift to Democrats,1
4110,72.65625,91.77215189873418,19.11590189873418,27.34375,8.227848101265822,45.3125,83.54430379746836,38.23180379746836,1837,1863,2063,0.8904507998061076,0.9030538051381484,Shift to Democrats,1
4113,35.46511627906977,51.61290322580645,16.14778694673668,64.53488372093024,48.38709677419355,-29.06976744186047,3.225806451612897,32.29557389347337,673,1161,2506,0.2685554668794892,0.4632881085395052,Shift to Democrats,1
4115,16.78832116788321,29.411764705882355,12.623443537999144,83.21167883211679,70.58823529411765,-66.42335766423358,-41.1764705882353,25.24688707599828,39,92,743,0.052489905787348586,0.12382234185733512,Shift to Democrats,1
4116,44.98546511627907,60.2996254681648,15.314160351885725,55.014534883720934,39.70037453183521,-10.029069767441861,20.59925093632959,30.62832070377145,226,497,2603,0.08682289665770265,0.19093353822512485,Shift to Democrats,1
4121,37.95233892321271,63.51791530944625,25.565576386233545,62.047661076787286,36.48208469055375,-24.09532215357458,27.035830618892504,51.13115277246708,2434,2675,4742,0.513285533530156,0.5641079713201181,Shift to Democrats,1
4122,71.93396226415094,87.28323699421965,15.349274730068714,28.066037735849058,12.716763005780345,43.86792452830188,74.5664739884393,30.69854946013742,5196,5389,5837,0.8901833133458968,0.9232482439609389,Shift to Democrats,1
4123,71.30242825607064,91.55844155844156,20.256013302370917,28.697571743929362,8.441558441558442,42.60485651214128,83.11688311688312,40.512026604741834,5013,5116,5406,0.9273029966703663,0.9463559008509064,Shift to Democrats,1
4124,55.56962025316455,78.15533980582524,22.585719552660684,44.43037974683544,21.844660194174757,11.13924050632911,56.31067961165048,45.17143910532137,330,465,1389,0.23758099352051837,0.3347732181425486,Shift to Democrats,1
4125,46.666666666666664,66.0,19.333333333333336,53.333333333333336,34.0,-6.666666666666671,32.0,38.66666666666667,1127,1221,1759,0.640704945992041,0.694144400227402,Shift to Democrats,1
4128,36.34894991922455,48.0,11.651050080775448,63.65105008077544,52.0,-27.30210016155089,-4.0,23.30210016155089,2125,2942,6407,0.3316684875916966,0.4591852661151865,Shift to Democrats,1
4137,40.289256198347104,61.14457831325302,20.855322114905917,59.71074380165289,38.855421686746986,-19.421487603305785,22.289156626506035,41.71064422981182,189,318,1865,0.10134048257372655,0.17050938337801608,Shift to Democrats,1
4138,37.72241992882562,57.95454545454546,20.232125525719837,62.27758007117438,42.04545454545455,-24.555160142348754,15.909090909090914,40.46425105143967,1850,1961,2734,0.6766642282370153,0.7172640819312363,Shift to Democrats,1
4141,40.66130473637176,55.714285714285715,15.052980977913954,59.33869526362824,44.285714285714285,-18.677390527256478,11.42857142857143,30.105961955827908,2333,4793,7771,0.30021876206408443,0.6167803371509458,Shift to Democrats,1
4144,34.13516609392898,53.896103896103895,19.760937802174915,65.86483390607101,46.103896103896105,-31.729667812142033,7.79220779220779,39.52187560434982,725,1071,2585,0.2804642166344294,0.41431334622823984,Shift to Democrats,1
4159,35.854765506807865,56.395348837209305,20.54058333040144,64.14523449319213,43.604651162790695,-28.29046898638427,12.79069767441861,41.08116666080288,2240,2927,4182,0.5356288857006217,0.6999043519846964,Shift to Democrats,1
4162,55.00000000000001,81.25,26.249999999999993,45.0,18.75,10.000000000000007,62.5,52.49999999999999,1387,1638,1948,0.7120123203285421,0.8408624229979466,Shift to Democrats,1
4178,39.130434782608695,56.22489959839358,17.09446481578488,60.86956521739131,43.77510040160642,-21.739130434782616,12.449799196787154,34.18892963156977,1318,2594,5816,0.2266162310866575,0.44601100412654743,Shift to Democrats,1
4191,33.38607594936709,49.664429530201346,16.278353580834256,66.61392405063292,50.33557046979866,-33.22784810126583,-0.6711409395973149,32.55670716166851,953,1317,2453,0.38850387280880555,0.5368935996738687,Shift to Democrats,1
4202,48.57142857142857,76.41025641025641,27.83882783882784,51.42857142857142,23.589743589743588,-2.857142857142854,52.82051282051282,55.67765567765567,2624,2781,3950,0.6643037974683544,0.7040506329113924,Shift to Democrats,1
4204,37.553648068669524,59.067357512953365,21.51370944428384,62.44635193133047,40.932642487046635,-24.892703862660944,18.13471502590673,43.027418888567674,2476,3868,7905,0.3132194813409235,0.48931056293485137,Shift to Democrats,1
4218,40.58252427184466,59.44055944055944,18.85803516871478,59.417475728155345,40.55944055944056,-18.834951456310684,18.88111888111888,37.716070337429564,2085,2409,3322,0.627633955448525,0.7251655629139073,Shift to Democrats,1
4222,44.97607655502392,70.17543859649122,25.199362041467296,55.02392344497608,29.82456140350877,-10.047846889952154,40.35087719298245,50.398724082934606,1479,1654,2420,0.6111570247933884,0.6834710743801653,Shift to Democrats,1
4231,75.60975609756098,90.41916167664671,14.809405579085734,24.390243902439025,9.580838323353294,51.21951219512195,80.83832335329342,29.618811158171468,4152,4489,4744,0.8752107925801011,0.946247892074199,Shift to Democrats,1
4232,47.18640093786635,71.06227106227107,23.875870124404713,52.81359906213364,28.93772893772894,-5.627198124267288,42.124542124542124,47.75174024880941,1223,2076,3425,0.35708029197080293,0.6061313868613138,Shift to Democrats,1
4234,37.74798927613941,59.972862957937586,22.22487368179818,62.252010723860586,40.027137042062414,-24.50402144772118,19.945725915875173,44.44974736359635,740,1599,4583,0.16146628845734234,0.3488981016801222,Shift to Democrats,1
4239,35.18518518518518,50.0,14.814814814814817,64.81481481481481,50.0,-29.629629629629626,0.0,29.629629629629626,149,186,345,0.4318840579710145,0.5391304347826087,Shift to Democrats,1
4242,24.629080118694365,36.53846153846153,11.909381419767168,75.37091988130564,63.46153846153846,-50.74183976261128,-26.923076923076927,23.81876283953435,181,306,1017,0.17797443461160276,0.3008849557522124,Shift to Democrats,1
4243,42.39019407558733,64.73551637279597,22.34532229720864,57.60980592441267,35.26448362720403,-15.219611848825338,29.47103274559194,44.69064459441728,1672,2070,3787,0.4415104304198574,0.5466068127805651,Shift to Democrats,1
4245,67.74193548387096,100.0,32.25806451612904,32.25806451612903,0.0,35.48387096774193,100.0,64.51612903225808,416,498,530,0.7849056603773585,0.939622641509434,Shift to Democrats,1
4250,47.768115942028984,65.19174041297934,17.423624470950358,52.231884057971016,34.80825958702065,-4.463768115942031,30.383480825958692,34.84724894190072,837,2297,4015,0.20846824408468245,0.5721046077210461,Shift to Democrats,1
4252,46.666666666666664,73.50427350427351,26.83760683760685,53.333333333333336,26.495726495726498,-6.666666666666671,47.00854700854701,53.67521367521368,571,711,1622,0.3520345252774353,0.43834771886559803,Shift to Democrats,1
4253,53.81165919282511,79.34782608695652,25.536166894131405,46.18834080717489,20.652173913043477,7.623318385650222,58.69565217391304,51.07233378826282,195,312,987,0.19756838905775076,0.3161094224924012,Shift to Democrats,1
4259,24.305555555555554,42.42424242424242,18.11868686868687,75.69444444444444,57.57575757575758,-51.388888888888886,-15.151515151515156,36.23737373737373,131,251,1416,0.0925141242937853,0.1772598870056497,Shift to Democrats,1
4261,48.26311899482631,73.21016166281755,24.947042667991248,51.736881005173686,26.78983833718245,-3.4737620103473787,46.42032332563511,49.89408533598249,1821,3384,5927,0.30723806310106294,0.5709465159439852,Shift to Democrats,1
4272,37.254901960784316,37.5,0.24509803921568363,62.745098039215684,62.5,-25.490196078431367,-25.0,0.49019607843136725,158,286,969,0.16305469556243551,0.2951496388028896,Shift to Democrats,1
4276,42.7027027027027,65.0429799426934,22.340277239990705,57.2972972972973,34.95702005730659,-14.594594594594597,30.085959885386814,44.68055447998141,1148,1891,4066,0.2823413674372848,0.46507624200688635,Shift to Democrats,1
4284,18.30065359477124,26.82926829268293,8.528614697911689,81.69934640522875,73.17073170731707,-63.39869281045751,-46.34146341463415,17.057229395823363,51,91,398,0.12814070351758794,0.228643216080402,Shift to Democrats,1
4285,53.95348837209303,70.9090909090909,16.95560253699788,46.04651162790698,29.09090909090909,7.906976744186046,41.81818181818181,33.91120507399577,1053,2047,3260,0.3230061349693252,0.6279141104294479,Shift to Democrats,1
4290,40.7088122605364,58.38926174496645,17.68044948443005,59.2911877394636,41.61073825503356,-18.582375478927204,16.778523489932887,35.36089896886009,2404,2898,5109,0.47054218046584456,0.5672342924251321,Shift to Democrats,1
4312,57.377049180327866,65.51724137931035,8.140192198982483,42.62295081967213,34.48275862068966,14.754098360655739,31.03448275862069,16.28038439796495,132,152,237,0.5569620253164557,0.6413502109704642,Shift to Democrats,1
4328,43.005181347150256,63.05732484076433,20.052143493614075,56.994818652849744,36.94267515923567,-13.989637305699489,26.11464968152866,40.10428698722815,2136,2776,4316,0.494902687673772,0.6431881371640408,Shift to Democrats,1
4338,42.89008455034589,59.12596401028277,16.235879459936882,57.10991544965411,40.87403598971722,-14.21983089930822,18.25192802056555,32.47175891987377,1424,2568,4741,0.3003585741404767,0.5416578780847923,Shift to Democrats,1
4340,26.244725738396625,49.843260188087775,23.59853444969115,73.75527426160338,50.15673981191222,-47.51054852320675,-0.31347962382444194,47.19706889938231,481,705,3716,0.12944025834230355,0.18972012917115177,Shift to Democrats,1
4344,36.70374115267948,54.14364640883977,17.439905256160294,63.29625884732053,45.85635359116022,-26.592517694641053,8.28729281767955,34.8798105123206,178,316,1770,0.10056497175141244,0.17853107344632768,Shift to Democrats,1
4350,59.15649278579356,80.0982800982801,20.94178731248654,40.84350721420644,19.901719901719904,18.31298557158712,60.1965601965602,41.88357462497308,295,494,1896,0.15559071729957805,0.26054852320675104,Shift to Democrats,1
4362,0.0,0,0.0,100.0,0,-100.0,0,100.0,7,10,17,0.4117647058823529,0.5882352941176471,No Change,0
4369,35.37009438648783,55.957767722473605,20.587673335985777,64.62990561351218,44.042232277526395,-29.25981122702435,11.91553544494721,41.17534667197156,1226,2042,5684,0.21569317382125264,0.35925404644616465,Shift to Democrats,1
4370,,0,,,0,,0,,0,0,0,,,Shift to Republicans,-1
4371,15.92128801431127,27.2552783109405,11.333990296629231,84.07871198568873,72.7447216890595,-68.15742397137745,-45.489443378119006,22.66798059325845,362,697,3321,0.10900331225534478,0.20987654320987653,Shift to Democrats,1
4373,29.464285714285715,42.30769230769231,12.843406593406591,70.53571428571429,57.692307692307686,-41.07142857142858,-15.38461538461538,25.686813186813197,83,117,411,0.20194647201946472,0.2846715328467153,Shift to Democrats,1
4374,44.22158548233047,65.98240469208211,21.760819209751645,55.778414517669525,34.01759530791789,-11.556829035339057,31.964809384164226,43.52163841950328,925,1670,3524,0.2624858115777526,0.4738933030646992,Shift to Democrats,1
4375,29.357798165137616,45.98290598290598,16.625107817768367,70.64220183486239,54.01709401709402,-41.284403669724774,-8.034188034188034,33.25021563553674,735,1419,4418,0.16636487098234495,0.32118605703938435,Shift to Democrats,1
4395,16.41337386018237,34.0,17.58662613981763,83.58662613981764,66.0,-67.17325227963526,-32.0,35.173252279635264,147,243,1240,0.11854838709677419,0.19596774193548386,Shift to Democrats,1
4397,46.44808743169399,68.65671641791045,22.208628986216453,53.551912568306015,31.343283582089555,-7.1038251366120235,37.31343283582089,44.417257972432914,445,493,833,0.5342136854741897,0.5918367346938775,Shift to Democrats,1
4399,18.627450980392158,50.0,31.372549019607842,81.37254901960785,50.0,-62.74509803921569,0.0,62.74509803921569,51,95,343,0.14868804664723032,0.27696793002915454,Shift to Democrats,1
4400,47.40740740740741,61.111111111111114,13.703703703703702,52.59259259259259,38.88888888888889,-5.185185185185176,22.22222222222222,27.407407407407398,453,497,873,0.5189003436426117,0.5693012600229095,Shift to Democrats,1
4410,47.73391812865497,59.56043956043956,11.826521431784592,52.26608187134503,40.43956043956044,-4.532163742690059,19.120879120879124,23.653042863569183,1387,3326,5506,0.25190701053396297,0.6040682891391209,Shift to Democrats,1
4429,43.1060606060606,63.10679611650486,20.000735510444258,56.8939393939394,36.89320388349515,-13.787878787878796,26.213592233009713,40.00147102088851,1085,2119,4290,0.2529137529137529,0.49393939393939396,Shift to Democrats,1
4452,48.986265533028124,67.3076923076923,18.321426774664182,51.01373446697187,32.69230769230769,-2.0274689339437444,34.61538461538461,36.64285354932836,1564,4361,6659,0.23487010061570807,0.6549031386094009,Shift to Democrats,1
4454,35.67393058918483,53.55555555555556,17.88162496637073,64.32606941081518,46.44444444444444,-28.652138821630352,7.111111111111114,35.763249932741466,1587,2284,4941,0.3211900425015179,0.46225460433110704,Shift to Democrats,1
4456,35.10489510489511,64.56692913385827,29.46203402896316,64.8951048951049,35.43307086614173,-29.790209790209786,29.133858267716533,58.92406805792632,165,328,1467,0.11247443762781185,0.22358554873892297,Shift to Democrats,1
4458,28.57142857142857,100.0,71.42857142857143,71.42857142857143,0.0,-42.85714285714286,100.0,142.85714285714286,0,0,0,,,Shift to Democrats,1
4475,74.28571428571429,94.44444444444444,20.15873015873015,25.71428571428571,5.555555555555555,48.571428571428584,88.88888888888889,40.3174603174603,21,29,79,0.26582278481012656,0.3670886075949367,Shift to Democrats,1
4478,,0,,,0,,0,,0,0,0,,,Shift to Republicans,-1
4480,28.592162554426704,48.86877828054298,20.27661572611628,71.40783744557329,51.13122171945701,-42.815674891146585,-2.262443438914026,40.55323145223256,162,279,1366,0.11859443631039532,0.2042459736456808,Shift to Democrats,1
4483,56.25,100.0,43.75,43.75,0.0,12.5,100.0,87.5,110,115,138,0.7971014492753623,0.8333333333333334,Shift to Democrats,1
4485,45.588235294117645,65.71428571428571,20.126050420168063,54.41176470588235,34.285714285714285,-8.823529411764703,31.428571428571423,40.25210084033613,1304,1410,1686,0.7734282325029656,0.8362989323843416,Shift to Democrats,1
4487,,0,,,0,,0,,0,0,0,,,Shift to Republicans,-1
4492,56.837606837606835,78.1021897810219,21.26458294341507,43.162393162393165,21.897810218978105,13.67521367521367,56.2043795620438,42.52916588683013,369,828,2421,0.1524163568773234,0.3420074349442379,Shift to Democrats,1
4493,49.81751824817518,82.17821782178217,32.360699573606986,50.18248175182482,17.82178217821782,-0.3649635036496335,64.35643564356435,64.72139914721399,429,896,2976,0.14415322580645162,0.3010752688172043,Shift to Democrats,1
4494,55.26315789473685,80.0,24.73684210526315,44.73684210526316,20.0,10.526315789473692,60.0,49.47368421052631,49,123,238,0.20588235294117646,0.5168067226890757,Shift to Democrats,1
4496,69.70954356846472,79.59183673469387,9.882293166229147,30.29045643153527,20.408163265306122,39.419087136929456,59.18367346938775,19.764586332458293,442,989,1448,0.3052486187845304,0.6830110497237569,Shift to Democrats,1
4499,48.98446833930705,67.29559748427673,18.311129144969676,51.01553166069295,32.70440251572327,-2.0310633213859006,34.59119496855346,36.62225828993936,1351,2029,2998,0.4506337558372248,0.6767845230153435,Shift to Democrats,1
4503,62.03208556149733,82.94573643410853,20.913650872611193,37.967914438502675,17.05426356589147,24.064171122994658,65.89147286821705,41.82730174522239,1996,2148,2626,0.7600913937547601,0.817974105102818,Shift to Democrats,1
4508,45.129334067143645,63.33333333333333,18.203999266189683,54.870665932856355,36.666666666666664,-9.74133186571271,26.666666666666664,36.407998532379374,1876,4065,7370,0.2545454545454545,0.5515603799185889,Shift to Democrats,1
4512,,0,,,0,,0,,0,0,0,,,Shift to Republicans,-1
4528,42.57481648785997,63.81578947368421,21.240972985824243,57.42518351214003,36.18421052631579,-14.850367024280061,27.631578947368425,42.481945971648486,1335,2813,6015,0.22194513715710723,0.46766417290108064,Shift to Democrats,1
4531,35.281837160751564,53.84615384615385,18.564316685402282,64.71816283924844,46.15384615384615,-29.43632567849687,7.692307692307693,37.128633370804565,1401,1928,4676,0.29961505560307955,0.41231822070145424,Shift to Democrats,1
4532,22.404371584699454,30.131004366812224,7.72663278211277,77.59562841530054,69.86899563318777,-55.191256830601084,-39.737991266375545,15.45326556422554,139,253,1578,0.08808618504435994,0.1603295310519645,Shift to Democrats,1
4533,40.660919540229884,57.27272727272727,16.61180773249739,59.33908045977011,42.72727272727273,-18.678160919540225,14.545454545454547,33.22361546499477,1781,2308,3497,0.5092936802973977,0.6599942808121246,Shift to Democrats,1
4534,40.813326800587944,57.10843373493976,16.295106934351814,59.186673199412056,42.89156626506024,-18.37334639882411,14.216867469879517,32.59021386870363,1462,2401,5815,0.2514187446259673,0.4128976784178848,Shift to Democrats,1
4540,42.10526315789473,62.857142857142854,20.75187969924812,57.89473684210527,37.142857142857146,-15.789473684210535,25.714285714285708,41.50375939849624,1648,3314,5972,0.27595445411922304,0.5549229738780977,Shift to Democrats,1
4551,40.337078651685395,61.28048780487805,20.943409153192654,59.662921348314605,38.71951219512195,-19.32584269662921,22.5609756097561,41.88681830638531,1225,1947,4276,0.28648269410664173,0.45533208606173997,Shift to Democrats,1
4563,,0,,,0,,0,,0,0,0,,,Shift to Republicans,-1
4565,25.0,0.0,-25.0,75.0,100.0,-50.0,-100.0,-50.0,60,64,96,0.625,0.6666666666666666,Shift to Republicans,-1
4568,22.22222222222222,54.54545454545454,32.32323232323232,77.77777777777779,45.45454545454545,-55.555555555555564,9.090909090909086,64.64646464646465,27,37,102,0.2647058823529412,0.3627450980392157,Shift to Democrats,1
4572,68.42105263157895,81.81818181818183,13.397129186602882,31.57894736842105,18.181818181818183,36.84210526315789,63.63636363636364,26.79425837320575,34,61,63,0.5396825396825397,0.9682539682539683,Shift to Democrats,1
4573,,0,,,0,,0,,3,16,19,0.15789473684210525,0.8421052631578947,Shift to Republicans,-1
4588,40.95063985374772,62.31884057971014,21.368200725962424,59.04936014625228,37.68115942028986,-18.098720292504566,24.637681159420282,42.73640145192485,1227,2868,6437,0.19061674693180053,0.44554916886748486,Shift to Democrats,1
4591,48.65749836280288,64.2570281124498,15.59952974964692,51.34250163719712,35.7429718875502,-2.6850032743942336,28.514056224899605,31.19905949929384,1404,2723,5231,0.2683999235327853,0.5205505639457083,Shift to Democrats,1
4592,,0,,,0,,0,,0,0,0,,,Shift to Republicans,-1
4593,52.406417112299465,89.36170212765957,36.955285015360104,47.593582887700535,10.638297872340425,4.81283422459893,78.72340425531914,73.91057003072021,1130,1375,1769,0.6387789711701526,0.7772752967778406,Shift to Democrats,1
4595,37.03703703703704,0.0,-37.03703703703704,62.96296296296296,100.0,-25.925925925925924,-100.0,-74.07407407407408,142,148,220,0.6454545454545455,0.6727272727272727,Shift to Republicans,-1
4596,72.3404255319149,94.73684210526315,22.396416573348247,27.659574468085108,5.263157894736842,44.68085106382979,89.47368421052632,44.79283314669652,177,263,295,0.6,0.8915254237288136,Shift to Democrats,1
4599,41.223021582733814,60.676532769556026,19.45351118682221,58.77697841726619,39.323467230443974,-17.55395683453238,21.353065539112052,38.90702237364443,992,2171,4744,0.209106239460371,0.4576306913996627,Shift to Democrats,1
4602,,0,,,0,,0,,0,0,0,,,Shift to Republicans,-1
4604,0.0,0,0.0,100.0,0,-100.0,0,100.0,7,18,22,0.3181818181818182,0.8181818181818182,No Change,0
4615,,0,,,0,,0,,0,0,0,,,Shift to Republicans,-1
4620,66.66666666666666,100.0,33.33333333333334,33.33333333333333,0.0,33.33333333333333,100.0,66.66666666666667,370,434,545,0.6788990825688074,0.7963302752293578,Shift to Democrats,1
4629,,0,,,0,,0,,0,0,0,,,Shift to Republicans,-1
4632,,0,,,0,,0,,0,0,0,,,Shift to Republicans,-1
4634,58.04701627486437,77.10843373493977,19.061417460075397,41.952983725135624,22.89156626506024,16.094032549728745,54.216867469879524,38.12283492015078,213,554,1848,0.11525974025974026,0.29978354978354976,Shift to Democrats,1
4638,45.49499443826474,64.25855513307985,18.763560694815112,54.50500556173527,35.741444866920155,-9.010011123470527,28.517110266159698,37.527121389630224,211,445,876,0.2408675799086758,0.5079908675799086,Shift to Democrats,1
4640,61.81229773462783,87.67123287671232,25.85893514208449,38.18770226537217,12.32876712328767,23.624595469255667,75.34246575342465,51.71787028416898,411,564,1082,0.3798521256931608,0.5212569316081331,Shift to Democrats,1
4649,33.20079522862823,48.194945848375454,14.994150619747224,66.79920477137176,51.80505415162455,-33.59840954274353,-3.610108303249099,29.988301239494433,1677,2402,5479,0.30607775141449167,0.438401168096368,Shift to Democrats,1
4650,44.7101016138673,60.73131955484896,16.021217940981657,55.2898983861327,39.268680445151034,-10.579796772265396,21.462639109697925,32.04243588196332,1478,3023,5584,0.26468481375358166,0.5413681948424068,Shift to Democrats,1
4666,,0,,,0,,0,,0,0,0,,,Shift to Republicans,-1
4682,58.2089552238806,77.77777777777779,19.568822553897185,41.7910447761194,22.22222222222222,16.4179104477612,55.555555555555564,39.13764510779436,798,861,1009,0.7908820614469773,0.8533201189296333,Shift to Democrats,1
4683,,0,,,0,,0,,0,0,0,,,Shift to Republicans,-1
4685,,100.0,,,0.0,,100.0,,13,17,18,0.7222222222222222,0.9444444444444444,Shift to Republicans,-1
4686,,0,,,0,,0,,0,0,0,,,Shift to Republicans,-1
4687,66.15384615384615,94.44444444444444,28.290598290598297,33.84615384615385,5.555555555555555,32.3076923076923,88.88888888888889,56.581196581196586,557,570,717,0.7768479776847977,0.7949790794979079,Shift to Democrats,1
4689,44.44444444444444,60.0,15.555555555555557,55.55555555555556,40.0,-11.111111111111114,20.0,31.111111111111114,216,225,328,0.6585365853658537,0.6859756097560976,Shift to Democrats,1
4694,43.3389544688027,66.42857142857143,23.089616959768733,56.66104553119731,33.57142857142857,-13.322091062394612,32.85714285714286,46.179233919537474,954,1988,3817,0.24993450353680902,0.5208278752947341,Shift to Democrats,1
4702,42.11853720050441,64.55223880597015,22.433701605465735,57.88146279949559,35.44776119402985,-15.762925598991174,29.104477611940297,44.86740321093147,725,1275,2724,0.26615271659324524,0.46806167400881055,Shift to Democrats,1
4703,51.20147874306839,75.75757575757575,24.55609701450736,48.79852125693161,24.242424242424242,2.402957486136785,51.51515151515151,49.112194029014724,2125,3491,5706,0.37241500175254116,0.6118121275849983,Shift to Democrats,1
4705,45.235892691951896,69.46308724832215,24.227194556370257,54.764107308048104,30.536912751677853,-9.528214616096207,38.9261744966443,48.45438911274051,1404,3220,5354,0.26223384385506165,0.6014194994396713,Shift to Democrats,1
4707,56.81415929203539,79.28994082840237,22.475781536366974,43.1858407079646,20.710059171597635,13.62831858407079,58.57988165680473,44.95156307273394,1482,2293,3662,0.4046968869470235,0.6261605679956308,Shift to Democrats,1
4711,41.5650406504065,56.676557863501486,15.111517213094984,58.4349593495935,43.32344213649852,-16.869918699186996,13.353115727002965,30.22303442618996,1091,2725,4222,0.2584083372809095,0.6454287067740407,Shift to Democrats,1
4713,44.17139256458727,62.5,18.328607435412728,55.82860743541273,37.5,-11.657214870825456,25.0,36.657214870825456,1659,2899,5489,0.30224084532701767,0.5281472034979049,Shift to Democrats,1
4724,16.822429906542055,30.656934306569344,13.834504400027289,83.17757009345794,69.34306569343066,-66.35514018691589,-38.68613138686132,27.66900880005457,234,365,1567,0.14932992980216975,0.23292916400765795,Shift to Democrats,1
4730,36.99211643420255,51.794071762870516,14.801955328667965,63.00788356579745,48.205928237129484,-26.0157671315949,3.5881435257410317,29.60391065733593,963,1928,4445,0.21664791901012373,0.43374578177727785,Shift to Democrats,1
4733,49.734325185972374,63.25088339222616,13.516558206253784,50.265674814027626,36.74911660777385,-0.5313496280552528,26.501766784452307,27.03311641250756,754,2759,4554,0.16556873078612208,0.6058410188844972,Shift to Democrats,1
4736,24.751381215469614,35.49488054607509,10.743499330605474,75.24861878453038,64.50511945392492,-50.497237569060765,-29.010238907849832,21.486998661210933,306,528,2695,0.11354359925788497,0.19591836734693877,Shift to Democrats,1
4737,44.2489851150203,60.08064516129033,15.83166004627003,55.751014884979696,39.91935483870967,-11.5020297699594,20.161290322580655,31.663320092540054,593,1099,2279,0.2602018429135586,0.48222904782799475,Shift to Democrats,1
4820,,0,,,0,,0,,0,0,0,,,Shift to Republicans,-1
